{
  "count": 84,
  "results": [
    {
      "id": 189,
      "order": "1.00000000000000000000",
      "Symbol": "PAGS",
      "PriceEntry": "[{\"id\":1,\"price\":\"6.49\",\"date\":\"2025-01-14\"},{\"id\":2,\"price\":\"7.68\",\"type\":\"decrease\",\"date\":\"2025-01-30T23:59:59.999Z\"},{\"id\":3,\"price\":\"7.66\",\"type\":\"decrease\",\"date\":\"2025-02-06T23:59:59.999Z\"},{\"id\":4,\"price\":\"8.18\",\"type\":\"decrease\",\"date\":\"2025-02-18T23:59:59.999Z\"},{\"id\":5,\"price\":\"7.31\",\"type\":\"close\",\"date\":\"2025-03-03T20:07:19.500Z\"}]",
      "StopLoss": "7.320",
      "TakeProfit": "7.620",
      "TradeDirection": "Buy",
      "PositionType": "Entry",
      "TakeProfit2": "8.160",
      "ActiveAllocation": "[{\"id\":1,\"activeAllocation\":\"100\",\"date\":\"2025-01-14\"},{\"id\":2,\"activeAllocation\":\"35\",\"type\":\"decrease\",\"date\":\"2025-01-30T23:59:59.999Z\"},{\"id\":3,\"activeAllocation\":\"35\",\"type\":\"decrease\",\"date\":\"2025-02-06T23:59:59.999Z\"},{\"id\":4,\"activeAllocation\":\"25\",\"type\":\"decrease\",\"date\":\"2025-02-18T23:59:59.999Z\"},{\"id\":5,\"activeAllocation\":\"100\",\"type\":\"close\",\"date\":\"2025-03-03T20:07:19.500Z\"}]",
      "TradeDate": "2025-01-14",
      "State": false,
      "SavedPrice": "7.31",
      "ClosingDate": "2025-03-03",
      "precioPromedio": 6.49,
      "rentabilidadTotalActiva": 20.21,
      "porcentajeAsignacionActiva": 31.69
    },
    {
      "id": 190,
      "order": "2.00000000000000000000",
      "Symbol": "RS",
      "PriceEntry": "[{\"id\":1,\"price\":\"271.28\",\"date\":\"2025-01-02\"},{\"id\":2,\"price\":\"307.4\",\"type\":\"decrease\",\"date\":\"2025-02-21T01:00:35.299Z\"},{\"id\":3,\"price\":\"283.28\",\"type\":\"close\",\"date\":\"2025-03-04T15:36:27.218Z\"}]",
      "StopLoss": "284.410",
      "TakeProfit": "307.400",
      "TradeDirection": "Buy",
      "PositionType": "Entry",
      "TakeProfit2": "324.540",
      "ActiveAllocation": "[{\"id\":1,\"activeAllocation\":\"100\",\"date\":\"2025-01-02\"},{\"id\":2,\"activeAllocation\":\"35\",\"type\":\"decrease\",\"date\":\"2025-02-21T01:00:35.299Z\"},{\"id\":3,\"activeAllocation\":\"100\",\"type\":\"close\",\"date\":\"2025-03-04T15:36:27.218Z\"}]",
      "TradeDate": "2025-01-02",
      "State": false,
      "SavedPrice": "283.28",
      "ClosingDate": "2025-03-04",
      "precioPromedio": 271.28,
      "rentabilidadTotalActiva": 7.57,
      "porcentajeAsignacionActiva": 65
    },
    {
      "id": 192,
      "order": "4.00000000000000000000",
      "Symbol": "GOLD",
      "PriceEntry": "[{\"id\":1,\"price\":\"15.65\",\"date\":\"2024-12-24\"},{\"id\":2,\"price\":\"16.79\",\"type\":\"decrease\",\"date\":\"2025-01-30T23:59:59.999Z\"},{\"id\":3,\"price\":\"17.14\",\"type\":\"decrease\",\"date\":\"2025-02-06T23:59:59.999Z\"},{\"id\":4,\"price\":\"18.65\",\"type\":\"add\",\"date\":\"2025-03-14T01:17:37.984Z\"},{\"id\":5,\"price\":\"18.65\",\"type\":\"add\",\"date\":\"2025-03-14T01:18:33.407Z\"},{\"id\":6,\"price\":\"19.62\",\"type\":\"decrease\",\"date\":\"2025-03-18T23:59:59.999Z\"},{\"id\":7,\"price\":\"18.02\",\"type\":\"close\",\"date\":\"2025-04-04T20:44:53.827Z\"}]",
      "StopLoss": "18.020",
      "TakeProfit": "16.790",
      "TradeDirection": "Buy",
      "PositionType": "Entry",
      "TakeProfit2": "19.500",
      "ActiveAllocation": "[{\"id\":1,\"activeAllocation\":\"100\",\"date\":\"2024-12-24\"},{\"id\":2,\"activeAllocation\":\"35\",\"type\":\"decrease\",\"date\":\"2025-01-30T23:59:59.999Z\"},{\"id\":3,\"activeAllocation\":\"25\",\"type\":\"decrease\",\"date\":\"2025-02-06T23:59:59.999Z\"},{\"id\":4,\"activeAllocation\":\"100\",\"type\":\"add\",\"date\":\"2025-03-14T01:17:37.984Z\"},{\"id\":5,\"activeAllocation\":\"2.56\",\"type\":\"add\",\"date\":\"2025-03-14T01:18:33.407Z\"},{\"id\":6,\"activeAllocation\":\"30\",\"type\":\"decrease\",\"date\":\"2025-03-18T23:59:59.999Z\"},{\"id\":7,\"activeAllocation\":\"100\",\"type\":\"close\",\"date\":\"2025-04-04T20:44:53.827Z\"}]",
      "TradeDate": "2024-12-24",
      "State": false,
      "SavedPrice": "18.02",
      "ClosingDate": "2025-04-04",
      "precioPromedio": null,
      "rentabilidadTotalActiva": null,
      "porcentajeAsignacionActiva": null
    },
    {
      "id": 193,
      "order": "5.00000000000000000000",
      "Symbol": "PFGRUPSURA.CL",
      "PriceEntry": "[{\"id\":1,\"price\":\"21300\",\"date\":\"2024-10-16\"},{\"id\":2,\"price\":\"23800\",\"type\":\"add\",\"date\":\"2025-01-17T23:59:59.999Z\"},{\"id\":3,\"price\":\"25900\",\"type\":\"decrease\",\"date\":\"2025-02-10T15:26:06.342Z\"},{\"id\":4,\"price\":\"30520\",\"type\":\"decrease\",\"date\":\"2025-02-12T20:21:20.910Z\"},{\"id\":5,\"price\":\"34000\",\"type\":\"decrease\",\"date\":\"2025-02-21T00:59:32.509Z\"},{\"id\":6,\"price\":\"38200\",\"type\":\"close\",\"date\":\"2025-02-27T22:41:57.742Z\"}]",
      "StopLoss": "29905.000",
      "TakeProfit": "25250.000",
      "TradeDirection": "Buy",
      "PositionType": "Entry",
      "TakeProfit2": "27504.000",
      "ActiveAllocation": "[{\"id\":1,\"activeAllocation\":\"100\",\"date\":\"2024-10-16\"},{\"id\":2,\"activeAllocation\":\"50\",\"type\":\"add\",\"date\":\"2025-01-17T23:59:59.999Z\"},{\"id\":3,\"activeAllocation\":\"30\",\"type\":\"decrease\",\"date\":\"2025-02-10T15:26:06.342Z\"},{\"id\":4,\"activeAllocation\":\"50\",\"type\":\"decrease\",\"date\":\"2025-02-12T20:21:20.910Z\"},{\"id\":5,\"activeAllocation\":\"50\",\"type\":\"decrease\",\"date\":\"2025-02-21T00:59:32.509Z\"},{\"id\":6,\"activeAllocation\":\"100\",\"type\":\"close\",\"date\":\"2025-02-27T22:41:57.742Z\"}]",
      "TradeDate": "2024-10-16",
      "State": false,
      "SavedPrice": "38200.00",
      "ClosingDate": "2025-02-27",
      "precioPromedio": 22133.33,
      "rentabilidadTotalActiva": 50.86,
      "porcentajeAsignacionActiva": 26.25
    },
    {
      "id": 194,
      "order": "6.00000000000000000000",
      "Symbol": "PEI.CL",
      "PriceEntry": "[{\"id\":1,\"price\":\"70000\",\"date\":\"2024-12-04\"},{\"id\":2,\"price\":\"75000\",\"type\":\"decrease\",\"date\":\"2025-03-11T18:31:45.755Z\"},{\"id\":3,\"price\":\"68800\",\"type\":\"close\",\"date\":\"2025-05-29T23:59:59.999Z\"}]",
      "StopLoss": "69923.000",
      "TakeProfit": "77827.000",
      "TradeDirection": "Buy",
      "PositionType": "Entry",
      "TakeProfit2": "83976.000",
      "ActiveAllocation": "[{\"id\":1,\"activeAllocation\":\"100\",\"date\":\"2024-12-04\"},{\"id\":2,\"activeAllocation\":\"20\",\"type\":\"decrease\",\"date\":\"2025-03-11T18:31:45.755Z\"},{\"id\":3,\"activeAllocation\":\"100\",\"type\":\"close\",\"date\":\"2025-05-29T23:59:59.999Z\"}]",
      "TradeDate": "2024-12-04",
      "State": false,
      "SavedPrice": "68800.00",
      "ClosingDate": "2025-05-29",
      "precioPromedio": 70000,
      "rentabilidadTotalActiva": 2.16,
      "porcentajeAsignacionActiva": 80
    },
    {
      "id": 195,
      "order": "7.00000000000000000000",
      "Symbol": "TNK",
      "PriceEntry": "[{\"id\":1,\"price\":\"38.8\",\"date\":\"2024-12-23\"},{\"id\":2,\"price\":\"47.62\",\"type\":\"decrease\",\"date\":\"2025-01-13T23:59:59.999Z\"},{\"id\":3,\"price\":\"38.87\",\"type\":\"close\",\"date\":\"2025-02-21T01:00:12.723Z\"}]",
      "StopLoss": "38.890",
      "TakeProfit": "47.260",
      "TradeDirection": "Buy",
      "PositionType": "Entry",
      "TakeProfit2": "54.130",
      "ActiveAllocation": "[{\"id\":1,\"activeAllocation\":\"100\",\"date\":\"2024-12-23\"},{\"id\":2,\"activeAllocation\":\"35\",\"type\":\"decrease\",\"date\":\"2025-01-13T23:59:59.999Z\"},{\"id\":3,\"activeAllocation\":\"100\",\"type\":\"close\",\"date\":\"2025-02-21T01:00:12.723Z\"}]",
      "TradeDate": "2024-12-23",
      "State": false,
      "SavedPrice": "38.87",
      "ClosingDate": "2025-02-21",
      "precioPromedio": 38.8,
      "rentabilidadTotalActiva": 14.32,
      "porcentajeAsignacionActiva": 65
    },
    {
      "id": 196,
      "order": "8.00000000000000000000",
      "Symbol": "SOWG",
      "PriceEntry": "[{\"id\":1,\"price\":\"2.84\",\"date\":\"2025-01-13\"},{\"id\":2,\"price\":\"2.38\",\"type\":\"close\",\"date\":\"2025-02-28T23:59:59.999Z\"}]",
      "StopLoss": "2.410",
      "TakeProfit": "4.920",
      "TradeDirection": "Buy",
      "PositionType": "Entry",
      "TakeProfit2": "8.140",
      "ActiveAllocation": "[{\"id\":1,\"activeAllocation\":\"100\",\"date\":\"2025-01-13\"},{\"id\":2,\"activeAllocation\":\"100\",\"type\":\"close\",\"date\":\"2025-02-28T23:59:59.999Z\"}]",
      "TradeDate": "2025-01-13",
      "State": false,
      "SavedPrice": "2.38",
      "ClosingDate": "2025-02-28",
      "precioPromedio": 2.84,
      "rentabilidadTotalActiva": -69.25,
      "porcentajeAsignacionActiva": 100
    },
    {
      "id": 198,
      "order": "10.00000000000000000000",
      "Symbol": "ILF",
      "PriceEntry": "[{\"id\":1,\"price\":\"21.28\",\"date\":\"2025-01-14\"},{\"id\":2,\"price\":\"23.23\",\"type\":\"decrease\",\"date\":\"2025-01-30T23:59:59.999Z\"},{\"id\":3,\"price\":\"23.55\",\"type\":\"add\",\"date\":\"2025-02-06T23:59:59.999Z\"},{\"id\":4,\"price\":\"23.93\",\"type\":\"decrease\",\"date\":\"2025-02-14T16:10:48.126Z\"},{\"id\":5,\"price\":\"23.03\",\"type\":\"close\",\"date\":\"2025-02-27T22:45:41.181Z\"}]",
      "StopLoss": "23.030",
      "TakeProfit": "23.000",
      "TradeDirection": "Buy",
      "PositionType": "Entry",
      "TakeProfit2": "23.930",
      "ActiveAllocation": "[{\"id\":1,\"activeAllocation\":\"100\",\"date\":\"2025-01-14\"},{\"id\":2,\"activeAllocation\":\"35\",\"type\":\"decrease\",\"date\":\"2025-01-30T23:59:59.999Z\"},{\"id\":3,\"activeAllocation\":\"35\",\"type\":\"add\",\"date\":\"2025-02-06T23:59:59.999Z\"},{\"id\":4,\"activeAllocation\":\"35\",\"type\":\"decrease\",\"date\":\"2025-02-14T16:10:48.126Z\"},{\"id\":5,\"activeAllocation\":\"100\",\"type\":\"close\",\"date\":\"2025-02-27T22:45:41.181Z\"}]",
      "TradeDate": "2025-01-14",
      "State": false,
      "SavedPrice": "23.03",
      "ClosingDate": "2025-02-27",
      "precioPromedio": 21.87,
      "rentabilidadTotalActiva": 10.49,
      "porcentajeAsignacionActiva": 57.04
    },
    {
      "id": 199,
      "order": "11.00000000000000000000",
      "Symbol": "O",
      "PriceEntry": "[{\"id\":1,\"price\":\"53.14\",\"date\":\"2025-01-14\"},{\"id\":2,\"price\":\"56.4\",\"type\":\"decrease\",\"date\":\"2025-02-21T01:01:18.513Z\"},{\"id\":3,\"price\":\"59.4\",\"type\":\"decrease\",\"date\":\"2025-03-10T17:00:32.099Z\"},{\"id\":4,\"price\":\"55.86\",\"type\":\"close\",\"date\":\"2025-03-13T23:59:59.999Z\"}]",
      "StopLoss": "55.850",
      "TakeProfit": "56.410",
      "TradeDirection": "Buy",
      "PositionType": "Entry",
      "TakeProfit2": "59.370",
      "ActiveAllocation": "[{\"id\":1,\"activeAllocation\":\"100\",\"date\":\"2025-01-14\"},{\"id\":2,\"activeAllocation\":\"35\",\"type\":\"decrease\",\"date\":\"2025-02-21T01:01:18.513Z\"},{\"id\":3,\"activeAllocation\":\"35\",\"type\":\"decrease\",\"date\":\"2025-03-10T17:00:32.099Z\"},{\"id\":4,\"activeAllocation\":\"100\",\"type\":\"close\",\"date\":\"2025-03-13T23:59:59.999Z\"}]",
      "TradeDate": "2025-01-14",
      "State": false,
      "SavedPrice": "55.86",
      "ClosingDate": "2025-03-13",
      "precioPromedio": 53.14,
      "rentabilidadTotalActiva": 8.21,
      "porcentajeAsignacionActiva": 42.25
    },
    {
      "id": 201,
      "order": "13.00000000000000000000",
      "Symbol": "CVS",
      "PriceEntry": "[{\"id\":1,\"price\":\"44.63\",\"date\":\"2025-01-02\"},{\"id\":2,\"price\":\"53.49\",\"type\":\"decrease\",\"date\":\"2025-01-22T23:59:59.999Z\"},{\"id\":3,\"price\":\"63.7\",\"type\":\"decrease\",\"date\":\"2025-02-12T20:19:57.307Z\"},{\"id\":4,\"price\":\"66.49\",\"type\":\"close\",\"date\":\"2025-02-14T16:12:22.595Z\"}]",
      "StopLoss": "43.410",
      "TakeProfit": "53.420",
      "TradeDirection": "Buy",
      "PositionType": "Entry",
      "TakeProfit2": "63.700",
      "ActiveAllocation": "[{\"id\":1,\"activeAllocation\":\"100\",\"date\":\"2025-01-02\"},{\"id\":2,\"activeAllocation\":\"50\",\"type\":\"decrease\",\"date\":\"2025-01-22T23:59:59.999Z\"},{\"id\":3,\"activeAllocation\":\"50\",\"type\":\"decrease\",\"date\":\"2025-02-12T20:19:57.307Z\"},{\"id\":4,\"activeAllocation\":\"100\",\"type\":\"close\",\"date\":\"2025-02-14T16:12:22.595Z\"}]",
      "TradeDate": "2025-01-02",
      "State": false,
      "SavedPrice": "66.49",
      "ClosingDate": "2025-02-14",
      "precioPromedio": 44.63,
      "rentabilidadTotalActiva": 31.29,
      "porcentajeAsignacionActiva": 25
    },
    {
      "id": 202,
      "order": "14.00000000000000000000",
      "Symbol": "CI",
      "PriceEntry": "[{\"id\":1,\"price\":\"285.72\",\"date\":\"2025-01-21\"},{\"id\":2,\"price\":\"297.75\",\"type\":\"add\",\"date\":\"2025-02-13T23:59:59.999Z\"},{\"id\":3,\"price\":\"328.98\",\"type\":\"decrease\",\"date\":\"2025-03-10T17:00:04.878Z\"},{\"id\":4,\"price\":\"340\",\"type\":\"close\",\"date\":\"2025-04-03T15:04:49.314Z\"}]",
      "StopLoss": "310.820",
      "TakeProfit": "317.670",
      "TradeDirection": "Buy",
      "PositionType": "Entry",
      "TakeProfit2": "357.480",
      "ActiveAllocation": "[{\"id\":1,\"activeAllocation\":\"100\",\"date\":\"2025-01-21\"},{\"id\":2,\"activeAllocation\":\"30\",\"type\":\"add\",\"date\":\"2025-02-13T23:59:59.999Z\"},{\"id\":3,\"activeAllocation\":\"40\",\"type\":\"decrease\",\"date\":\"2025-03-10T17:00:04.878Z\"},{\"id\":4,\"activeAllocation\":\"100\",\"type\":\"close\",\"date\":\"2025-04-03T15:04:49.314Z\"}]",
      "TradeDate": "2025-01-21",
      "State": false,
      "SavedPrice": "340.00",
      "ClosingDate": "2025-04-03",
      "precioPromedio": 288.5,
      "rentabilidadTotalActiva": 0.15,
      "porcentajeAsignacionActiva": 78
    },
    {
      "id": 203,
      "order": "15.00000000000000000000",
      "Symbol": "TGT",
      "PriceEntry": "[{\"id\":1,\"price\":\"131.84\",\"date\":\"2025-02-10\"},{\"id\":2,\"price\":\"127.55\",\"type\":\"close\",\"date\":\"2025-02-12T16:44:26.068Z\"}]",
      "StopLoss": "127.610",
      "TakeProfit": "141.330",
      "TradeDirection": "Buy",
      "PositionType": "Entry",
      "TakeProfit2": "149.050",
      "ActiveAllocation": "[{\"id\":1,\"activeAllocation\":\"100\",\"date\":\"2025-02-10\"},{\"id\":2,\"activeAllocation\":\"100\",\"type\":\"close\",\"date\":\"2025-02-12T16:44:26.068Z\"}]",
      "TradeDate": "2025-02-10",
      "State": false,
      "SavedPrice": "127.55",
      "ClosingDate": "2025-02-12",
      "precioPromedio": 131.84,
      "rentabilidadTotalActiva": -24.32,
      "porcentajeAsignacionActiva": 100
    },
    {
      "id": 204,
      "order": "16.00000000000000000000",
      "Symbol": "XP",
      "PriceEntry": "[{\"id\":1,\"price\":\"12.2\",\"date\":\"2025-01-23\"},{\"id\":2,\"price\":\"13.67\",\"type\":\"close\",\"date\":\"2025-03-12T20:44:00.044Z\"}]",
      "StopLoss": "13.670",
      "TakeProfit": "15.950",
      "TradeDirection": "Buy",
      "PositionType": "Entry",
      "TakeProfit2": "17.990",
      "ActiveAllocation": "[{\"id\":1,\"activeAllocation\":\"100\",\"date\":\"2025-01-23\"},{\"id\":2,\"activeAllocation\":\"100\",\"type\":\"close\",\"date\":\"2025-03-12T20:44:00.044Z\"}]",
      "TradeDate": "2025-01-23",
      "State": false,
      "SavedPrice": "13.67",
      "ClosingDate": "2025-03-12",
      "precioPromedio": 12.2,
      "rentabilidadTotalActiva": 34.06,
      "porcentajeAsignacionActiva": 100
    },
    {
      "id": 205,
      "order": "17.00000000000000000000",
      "Symbol": "ABEV",
      "PriceEntry": "[{\"id\":1,\"price\":\"1.825\",\"date\":\"2025-01-23\"},{\"id\":2,\"price\":\"2.1\",\"type\":\"decrease\",\"date\":\"2025-02-27T22:42:25.402Z\"},{\"id\":3,\"price\":\"2.19\",\"type\":\"close\",\"date\":\"2025-04-07T14:36:17.208Z\"}]",
      "StopLoss": "2.220",
      "TakeProfit": "3.060",
      "TradeDirection": "Buy",
      "PositionType": "Entry",
      "TakeProfit2": "2.190",
      "ActiveAllocation": "[{\"id\":1,\"activeAllocation\":\"100\",\"date\":\"2025-01-23\"},{\"id\":2,\"activeAllocation\":\"50\",\"type\":\"decrease\",\"date\":\"2025-02-27T22:42:25.402Z\"},{\"id\":3,\"activeAllocation\":\"100\",\"type\":\"close\",\"date\":\"2025-04-07T14:36:17.208Z\"}]",
      "TradeDate": "2025-01-23",
      "State": false,
      "SavedPrice": "2.19",
      "ClosingDate": "2025-04-07",
      "precioPromedio": 1.82,
      "rentabilidadTotalActiva": 17.26,
      "porcentajeAsignacionActiva": 50
    },
    {
      "id": 206,
      "order": "18.00000000000000000000",
      "Symbol": "TLT",
      "PriceEntry": "[{\"id\":1,\"price\":\"88.2\",\"date\":\"2025-01-27\"},{\"id\":2,\"price\":\"87.2\",\"type\":\"close\",\"date\":\"2025-02-12T16:43:58.050Z\"}]",
      "StopLoss": "87.200",
      "TakeProfit": "92.190",
      "TradeDirection": "Buy",
      "PositionType": "Entry",
      "TakeProfit2": "99.660",
      "ActiveAllocation": "[{\"id\":1,\"activeAllocation\":\"100\",\"date\":\"2025-01-27\"},{\"id\":2,\"activeAllocation\":\"100\",\"type\":\"close\",\"date\":\"2025-02-12T16:43:58.050Z\"}]",
      "TradeDate": "2025-01-27",
      "State": false,
      "SavedPrice": "87.20",
      "ClosingDate": "2025-02-12",
      "precioPromedio": 88.2,
      "rentabilidadTotalActiva": -0.43,
      "porcentajeAsignacionActiva": 100
    },
    {
      "id": 207,
      "order": "19.00000000000000000000",
      "Symbol": "ECOPETROL.CL",
      "PriceEntry": "[{\"id\":1,\"price\":\"1815\",\"date\":\"2025-01-28\"},{\"id\":2,\"price\":\"2040\",\"type\":\"decrease\",\"date\":\"2025-02-10T19:22:02.682Z\"},{\"id\":3,\"price\":\"2240\",\"type\":\"decrease\",\"date\":\"2025-02-17T23:59:59.999Z\"},{\"id\":4,\"price\":\"1932\",\"type\":\"close\",\"date\":\"2025-03-04T15:36:48.807Z\"}]",
      "StopLoss": "1932.000",
      "TakeProfit": "2027.000",
      "TradeDirection": "Buy",
      "PositionType": "Entry",
      "TakeProfit2": "2184.000",
      "ActiveAllocation": "[{\"id\":1,\"activeAllocation\":\"100\",\"date\":\"2025-01-28\"},{\"id\":2,\"activeAllocation\":\"40\",\"type\":\"decrease\",\"date\":\"2025-02-10T19:22:02.682Z\"},{\"id\":3,\"activeAllocation\":\"35\",\"type\":\"decrease\",\"date\":\"2025-02-17T23:59:59.999Z\"},{\"id\":4,\"activeAllocation\":\"100\",\"type\":\"close\",\"date\":\"2025-03-04T15:36:48.807Z\"}]",
      "TradeDate": "2025-01-28",
      "State": false,
      "SavedPrice": "1932.00",
      "ClosingDate": "2025-03-04",
      "precioPromedio": 1815,
      "rentabilidadTotalActiva": 11.85,
      "porcentajeAsignacionActiva": 39
    },
    {
      "id": 208,
      "order": "20.00000000000000000000",
      "Symbol": "CELSIA.CL",
      "PriceEntry": "[{\"id\":1,\"price\":\"3710\",\"date\":\"2025-02-03\"},{\"id\":2,\"price\":\"3990\",\"type\":\"decrease\",\"date\":\"2025-04-01T20:04:39.802Z\"},{\"id\":3,\"price\":\"4165\",\"type\":\"decrease\",\"date\":\"2025-05-12T16:01:23.844Z\"},{\"id\":4,\"price\":\"4700\",\"type\":\"close\",\"date\":\"2025-07-29T17:39:40.915Z\"}]",
      "StopLoss": "3984.000",
      "TakeProfit": "3940.000",
      "TradeDirection": "Buy",
      "PositionType": "Entry",
      "TakeProfit2": "4184.000",
      "ActiveAllocation": "[{\"id\":1,\"activeAllocation\":\"100\",\"date\":\"2025-02-03\"},{\"id\":2,\"activeAllocation\":\"35\",\"type\":\"decrease\",\"date\":\"2025-04-01T20:04:39.802Z\"},{\"id\":3,\"activeAllocation\":\"30\",\"type\":\"decrease\",\"date\":\"2025-05-12T16:01:23.844Z\"},{\"id\":4,\"activeAllocation\":\"100\",\"type\":\"close\",\"date\":\"2025-07-29T17:39:40.915Z\"}]",
      "TradeDate": "2025-02-03",
      "State": false,
      "SavedPrice": "4700.00",
      "ClosingDate": "2025-07-29",
      "precioPromedio": 3710,
      "rentabilidadTotalActiva": 16.65,
      "porcentajeAsignacionActiva": 45.5
    },
    {
      "id": 209,
      "order": "21.00000000000000000000",
      "Symbol": "INDA",
      "PriceEntry": "[{\"id\":1,\"price\":\"51.38\",\"date\":\"2025-02-04\"},{\"id\":2,\"price\":\"49.74\",\"type\":\"close\",\"date\":\"2025-02-12T16:45:28.213Z\"}]",
      "StopLoss": "50.370",
      "TakeProfit": "53.410",
      "TradeDirection": "Buy",
      "PositionType": "Entry",
      "TakeProfit2": "55.390",
      "ActiveAllocation": "[{\"id\":1,\"activeAllocation\":\"100\",\"date\":\"2025-02-04\"},{\"id\":2,\"activeAllocation\":\"100\",\"type\":\"close\",\"date\":\"2025-02-12T16:45:28.213Z\"}]",
      "TradeDate": "2025-02-04",
      "State": false,
      "SavedPrice": "49.74",
      "ClosingDate": "2025-02-12",
      "precioPromedio": 51.38,
      "rentabilidadTotalActiva": 2.61,
      "porcentajeAsignacionActiva": 100
    },
    {
      "id": 210,
      "order": "22.00000000000000000000",
      "Symbol": "ASC",
      "PriceEntry": "[{\"id\":1,\"price\":\"12.01\",\"date\":\"2025-02-04\"},{\"id\":2,\"price\":\"10.95\",\"type\":\"close\",\"date\":\"2025-02-13T23:59:59.999Z\"}]",
      "StopLoss": "10.960",
      "TakeProfit": "14.510",
      "TradeDirection": "Buy",
      "PositionType": "Entry",
      "TakeProfit2": "17.750",
      "ActiveAllocation": "[{\"id\":1,\"activeAllocation\":\"100\",\"date\":\"2025-02-04\"},{\"id\":2,\"activeAllocation\":\"100\",\"type\":\"close\",\"date\":\"2025-02-13T23:59:59.999Z\"}]",
      "TradeDate": "2025-02-04",
      "State": false,
      "SavedPrice": "10.95",
      "ClosingDate": "2025-02-13",
      "precioPromedio": 12.01,
      "rentabilidadTotalActiva": -11.32,
      "porcentajeAsignacionActiva": 100
    },
    {
      "id": 212,
      "order": "24.00000000000000000000",
      "Symbol": "MMS",
      "PriceEntry": "[{\"id\":1,\"price\":\"73.3\",\"date\":\"2025-01-26\"},{\"id\":2,\"price\":\"75.29\",\"type\":\"close\",\"date\":\"2025-01-29T23:59:59.999Z\"}]",
      "StopLoss": "69.650",
      "TakeProfit": "82.090",
      "TradeDirection": "Buy",
      "PositionType": "Entry",
      "TakeProfit2": "90.140",
      "ActiveAllocation": "[{\"id\":1,\"activeAllocation\":\"100\",\"date\":\"2025-01-26\"},{\"id\":2,\"activeAllocation\":\"100\",\"type\":\"close\",\"date\":\"2025-01-29T23:59:59.999Z\"}]",
      "TradeDate": "2025-01-26",
      "State": false,
      "SavedPrice": "75.29",
      "ClosingDate": "2025-01-29",
      "precioPromedio": 73.3,
      "rentabilidadTotalActiva": -0.53,
      "porcentajeAsignacionActiva": 100
    },
    {
      "id": 213,
      "order": "25.00000000000000000000",
      "Symbol": "UPS",
      "PriceEntry": "[{\"id\":1,\"price\":\"114.56\",\"date\":\"2025-02-10\"},{\"id\":2,\"price\":\"114.36\",\"type\":\"close\",\"date\":\"2025-03-21T23:59:59.999Z\"}]",
      "StopLoss": "114.520",
      "TakeProfit": "125.590",
      "TradeDirection": "Buy",
      "PositionType": "Entry",
      "TakeProfit2": "134.290",
      "ActiveAllocation": "[{\"id\":1,\"activeAllocation\":\"100\",\"date\":\"2025-02-10\"},{\"id\":2,\"activeAllocation\":\"100\",\"type\":\"close\",\"date\":\"2025-03-21T23:59:59.999Z\"}]",
      "TradeDate": "2025-02-10",
      "State": false,
      "SavedPrice": "114.36",
      "ClosingDate": "2025-03-21",
      "precioPromedio": 114.56,
      "rentabilidadTotalActiva": -26.24,
      "porcentajeAsignacionActiva": 100
    },
    {
      "id": 214,
      "order": "26.00000000000000000000",
      "Symbol": "UNG",
      "PriceEntry": "[{\"id\":1,\"price\":\"13.8\",\"date\":\"2024-11-19\"},{\"id\":2,\"price\":\"15.98\",\"type\":\"decrease\",\"date\":\"2024-12-20T23:59:59.999Z\"},{\"id\":3,\"price\":\"18.61\",\"type\":\"decrease\",\"date\":\"2024-12-30T23:59:59.999Z\"},{\"id\":4,\"price\":\"17.15\",\"type\":\"close\",\"date\":\"2025-01-27T23:59:59.999Z\"}]",
      "StopLoss": "12.890",
      "TakeProfit": "15.940",
      "TradeDirection": "Buy",
      "PositionType": "Entry",
      "TakeProfit2": "18.390",
      "ActiveAllocation": "[{\"id\":1,\"activeAllocation\":\"100\",\"date\":\"2024-11-19\"},{\"id\":2,\"activeAllocation\":\"30\",\"type\":\"decrease\",\"date\":\"2024-12-20T23:59:59.999Z\"},{\"id\":3,\"activeAllocation\":\"40\",\"type\":\"decrease\",\"date\":\"2024-12-30T23:59:59.999Z\"},{\"id\":4,\"activeAllocation\":\"100\",\"type\":\"close\",\"date\":\"2025-01-27T23:59:59.999Z\"}]",
      "TradeDate": "2024-11-19",
      "State": false,
      "SavedPrice": "17.15",
      "ClosingDate": "2025-01-27",
      "precioPromedio": 13.8,
      "rentabilidadTotalActiva": 18.29,
      "porcentajeAsignacionActiva": 42
    },
    {
      "id": 216,
      "order": "28.00000000000000000000",
      "Symbol": "MCHI",
      "PriceEntry": "[{\"id\":1,\"price\":\"47.62\",\"date\":\"2024-12-03\"},{\"id\":2,\"price\":\"51.57\",\"type\":\"decrease\",\"date\":\"2024-12-09T23:59:59.999Z\"},{\"id\":3,\"price\":\"47.35\",\"type\":\"add\",\"date\":\"2024-12-23T23:59:59.999Z\"},{\"id\":4,\"price\":\"45.75\",\"type\":\"close\",\"date\":\"2025-01-06T23:59:59.999Z\"}]",
      "StopLoss": "45.760",
      "TakeProfit": "51.980",
      "TradeDirection": "Buy",
      "PositionType": "Entry",
      "TakeProfit2": "58.690",
      "ActiveAllocation": "[{\"id\":1,\"activeAllocation\":\"100\",\"date\":\"2024-12-03\"},{\"id\":2,\"activeAllocation\":\"30\",\"type\":\"decrease\",\"date\":\"2024-12-09T23:59:59.999Z\"},{\"id\":3,\"activeAllocation\":\"30\",\"type\":\"add\",\"date\":\"2024-12-23T23:59:59.999Z\"},{\"id\":4,\"activeAllocation\":\"100\",\"type\":\"close\",\"date\":\"2025-01-06T23:59:59.999Z\"}]",
      "TradeDate": "2024-12-03",
      "State": false,
      "SavedPrice": "45.75",
      "ClosingDate": "2025-01-06",
      "precioPromedio": 47.56,
      "rentabilidadTotalActiva": 15.68,
      "porcentajeAsignacionActiva": 91
    },
    {
      "id": 217,
      "order": "29.00000000000000000000",
      "Symbol": "HON",
      "PriceEntry": "[{\"id\":1,\"price\":\"208.41\",\"date\":\"2025-02-10\"},{\"id\":2,\"price\":\"204.31\",\"type\":\"close\",\"date\":\"2025-02-12T16:45:03.953Z\"}]",
      "StopLoss": "204.550",
      "TakeProfit": "220.850",
      "TradeDirection": "Buy",
      "PositionType": "Entry",
      "TakeProfit2": "231.100",
      "ActiveAllocation": "[{\"id\":1,\"activeAllocation\":\"100\",\"date\":\"2025-02-10\"},{\"id\":2,\"activeAllocation\":\"100\",\"type\":\"close\",\"date\":\"2025-02-12T16:45:03.953Z\"}]",
      "TradeDate": "2025-02-10",
      "State": false,
      "SavedPrice": "204.31",
      "ClosingDate": "2025-02-12",
      "precioPromedio": 208.41,
      "rentabilidadTotalActiva": 4.46,
      "porcentajeAsignacionActiva": 100
    },
    {
      "id": 218,
      "order": "30.00000000000000000000",
      "Symbol": "XOM",
      "PriceEntry": "[{\"id\":1,\"price\":\"107.68\",\"date\":\"2024-12-31\"},{\"id\":2,\"price\":\"106\",\"type\":\"add\",\"date\":\"2025-02-10T19:30:05.079Z\"},{\"id\":3,\"price\":\"107.61\",\"type\":\"close\",\"date\":\"2025-01-29T23:59:59.999Z\"}]",
      "StopLoss": "104.670",
      "TakeProfit": "115.210",
      "TradeDirection": "Buy",
      "PositionType": "Entry",
      "TakeProfit2": "121.220",
      "ActiveAllocation": "[{\"id\":1,\"activeAllocation\":\"100\",\"date\":\"2024-12-31\"},{\"id\":2,\"activeAllocation\":\"20\",\"type\":\"add\",\"date\":\"2025-02-10T19:30:05.079Z\"},{\"id\":3,\"activeAllocation\":\"100\",\"type\":\"close\",\"date\":\"2025-01-29T23:59:59.999Z\"}]",
      "TradeDate": "2024-12-31",
      "State": false,
      "SavedPrice": "107.61",
      "ClosingDate": "2025-01-29",
      "precioPromedio": 107.4,
      "rentabilidadTotalActiva": 2.09,
      "porcentajeAsignacionActiva": 120
    },
    {
      "id": 219,
      "order": "31.00000000000000000000",
      "Symbol": "MMM",
      "PriceEntry": "[{\"id\":1,\"price\":\"130.6\",\"date\":\"2024-12-26\"},{\"id\":2,\"price\":\"141\",\"type\":\"decrease\",\"date\":\"2025-01-17T23:59:59.999Z\"},{\"id\":3,\"price\":\"148.5\",\"type\":\"decrease\",\"date\":\"2025-02-10T19:38:13.825Z\"},{\"id\":4,\"price\":\"151.9\",\"type\":\"close\",\"date\":\"2025-01-29T23:59:59.999Z\"}]",
      "StopLoss": "124.310",
      "TakeProfit": "139.950",
      "TradeDirection": "Buy",
      "PositionType": "Entry",
      "TakeProfit2": "148.500",
      "ActiveAllocation": "[{\"id\":1,\"activeAllocation\":\"100\",\"date\":\"2024-12-26\"},{\"id\":2,\"activeAllocation\":\"35\",\"type\":\"decrease\",\"date\":\"2025-01-17T23:59:59.999Z\"},{\"id\":3,\"activeAllocation\":\"35\",\"type\":\"decrease\",\"date\":\"2025-02-10T19:38:13.825Z\"},{\"id\":4,\"activeAllocation\":\"100\",\"type\":\"close\",\"date\":\"2025-01-29T23:59:59.999Z\"}]",
      "TradeDate": "2024-12-26",
      "State": false,
      "SavedPrice": "151.90",
      "ClosingDate": "2025-01-29",
      "precioPromedio": 130.6,
      "rentabilidadTotalActiva": 10.76,
      "porcentajeAsignacionActiva": 42.25
    },
    {
      "id": 221,
      "order": "32.00000000000000000000",
      "Symbol": "BCOLOMBIA.CL",
      "PriceEntry": "[{\"id\":1,\"price\":\"35980\",\"date\":\"2024-07-22\"},{\"id\":2,\"price\":\"38800\",\"type\":\"decrease\",\"date\":\"2024-11-06T23:59:59.999Z\"},{\"id\":3,\"price\":\"44200\",\"type\":\"decrease\",\"date\":\"2025-02-12T20:21:53.604Z\"},{\"id\":4,\"price\":\"47900\",\"type\":\"close\",\"date\":\"2025-02-21T00:58:56.992Z\"}]",
      "StopLoss": "41879.000",
      "TakeProfit": "38890.000",
      "TradeDirection": "Buy",
      "PositionType": "Entry",
      "TakeProfit2": "42900.000",
      "ActiveAllocation": "[{\"id\":1,\"activeAllocation\":\"100\",\"date\":\"2024-07-22\"},{\"id\":2,\"activeAllocation\":\"30\",\"type\":\"decrease\",\"date\":\"2024-11-06T23:59:59.999Z\"},{\"id\":3,\"activeAllocation\":\"50\",\"type\":\"decrease\",\"date\":\"2025-02-12T20:21:53.604Z\"},{\"id\":4,\"activeAllocation\":\"100\",\"type\":\"close\",\"date\":\"2025-02-21T00:58:56.992Z\"}]",
      "TradeDate": "2024-07-22",
      "State": false,
      "SavedPrice": "47900.00",
      "ClosingDate": "2025-02-21",
      "precioPromedio": null,
      "rentabilidadTotalActiva": null,
      "porcentajeAsignacionActiva": null
    },
    {
      "id": 232,
      "order": "34.00000000000000000000",
      "Symbol": "IWM",
      "PriceEntry": "[{\"id\":1,\"price\":\"225.52\",\"date\":\"2025-02-13\"},{\"id\":2,\"price\":\"220.51\",\"type\":\"close\",\"date\":\"2025-02-25T23:59:59.999Z\"}]",
      "StopLoss": "220.510",
      "TakeProfit": "237.110",
      "TradeDirection": "Buy",
      "PositionType": "Entry",
      "TakeProfit2": "242.600",
      "ActiveAllocation": "[{\"id\":1,\"activeAllocation\":\"100\",\"date\":\"2025-02-13\"},{\"id\":2,\"activeAllocation\":\"100\",\"type\":\"close\",\"date\":\"2025-02-25T23:59:59.999Z\"}]",
      "TradeDate": "2025-02-13",
      "State": false,
      "SavedPrice": "220.51",
      "ClosingDate": "2025-02-25",
      "precioPromedio": 225.52,
      "rentabilidadTotalActiva": -4.7,
      "porcentajeAsignacionActiva": 100
    },
    {
      "id": 265,
      "order": "35.00000000000000000000",
      "Symbol": "OXY",
      "PriceEntry": "[{\"id\":1,\"price\":\"49\",\"date\":\"2025-02-18\"},{\"id\":2,\"price\":\"52.29\",\"type\":\"decrease\",\"date\":\"2025-02-21T00:55:59.295Z\"},{\"id\":3,\"price\":\"47.5\",\"type\":\"close\",\"date\":\"2025-03-03T20:07:01.082Z\"}]",
      "StopLoss": "47.510",
      "TakeProfit": "52.600",
      "TradeDirection": "Buy",
      "PositionType": "Entry",
      "TakeProfit2": "55.980",
      "ActiveAllocation": "[{\"id\":1,\"activeAllocation\":\"100\",\"date\":\"2025-02-18\"},{\"id\":2,\"activeAllocation\":\"25\",\"type\":\"decrease\",\"date\":\"2025-02-21T00:55:59.295Z\"},{\"id\":3,\"activeAllocation\":\"100\",\"type\":\"close\",\"date\":\"2025-03-03T20:07:01.082Z\"}]",
      "TradeDate": "2025-02-18",
      "State": false,
      "SavedPrice": "47.50",
      "ClosingDate": "2025-03-03",
      "precioPromedio": 49,
      "rentabilidadTotalActiva": -6.88,
      "porcentajeAsignacionActiva": 75
    },
    {
      "id": 298,
      "order": "36.00000000000000000000",
      "Symbol": "ENPH",
      "PriceEntry": "[{\"id\":1,\"price\":\"65.7\",\"date\":\"2025-02-21\"},{\"id\":2,\"price\":\"58.78\",\"type\":\"close\",\"date\":\"2025-02-28T23:59:59.999Z\"}]",
      "StopLoss": "58.790",
      "TakeProfit": "83.900",
      "TradeDirection": "Buy",
      "PositionType": "Entry",
      "TakeProfit2": "111.740",
      "ActiveAllocation": "[{\"id\":1,\"activeAllocation\":\"100\",\"date\":\"2025-02-21\"},{\"id\":2,\"activeAllocation\":\"100\",\"type\":\"close\",\"date\":\"2025-02-28T23:59:59.999Z\"}]",
      "TradeDate": "2025-02-21",
      "State": false,
      "SavedPrice": "58.78",
      "ClosingDate": "2025-02-28",
      "precioPromedio": 65.7,
      "rentabilidadTotalActiva": -52.16,
      "porcentajeAsignacionActiva": 100
    },
    {
      "id": 299,
      "order": "37.00000000000000000000",
      "Symbol": "ILIT",
      "PriceEntry": "[{\"id\":1,\"price\":\"9.12\",\"date\":\"2025-02-21\"},{\"id\":2,\"price\":\"8.46\",\"type\":\"close\",\"date\":\"2025-03-04T15:36:05.386Z\"}]",
      "StopLoss": "8.710",
      "TakeProfit": "9.960",
      "TradeDirection": "Buy",
      "PositionType": "Entry",
      "TakeProfit2": "10.520",
      "ActiveAllocation": "[{\"id\":1,\"activeAllocation\":\"100\",\"date\":\"2025-02-21\"},{\"id\":2,\"activeAllocation\":\"100\",\"type\":\"close\",\"date\":\"2025-03-04T15:36:05.386Z\"}]",
      "TradeDate": "2025-02-21",
      "State": false,
      "SavedPrice": "8.46",
      "ClosingDate": "2025-03-04",
      "precioPromedio": 9.12,
      "rentabilidadTotalActiva": -4.79,
      "porcentajeAsignacionActiva": 100
    },
    {
      "id": 300,
      "order": "38.00000000000000000000",
      "Symbol": "PII",
      "PriceEntry": "[{\"id\":1,\"price\":\"46.75\",\"date\":\"2025-02-21\"},{\"id\":2,\"price\":\"42.84\",\"type\":\"close\",\"date\":\"2025-03-03T21:30:53.391Z\"}]",
      "StopLoss": "42.840",
      "TakeProfit": "54.540",
      "TradeDirection": "Buy",
      "PositionType": "Entry",
      "TakeProfit2": "65.700",
      "ActiveAllocation": "[{\"id\":1,\"activeAllocation\":\"100\",\"date\":\"2025-02-21\"},{\"id\":2,\"activeAllocation\":\"100\",\"type\":\"close\",\"date\":\"2025-03-03T21:30:53.391Z\"}]",
      "TradeDate": "2025-02-21",
      "State": false,
      "SavedPrice": "42.84",
      "ClosingDate": "2025-03-03",
      "precioPromedio": 46.75,
      "rentabilidadTotalActiva": 6.14,
      "porcentajeAsignacionActiva": 100
    },
    {
      "id": 301,
      "order": "39.00000000000000000000",
      "Symbol": "AVDL",
      "PriceEntry": "[{\"id\":1,\"price\":\"8.66\",\"date\":\"2025-02-21\"},{\"id\":2,\"price\":\"8.19\",\"type\":\"close\",\"date\":\"2025-02-25T23:59:59.999Z\"}]",
      "StopLoss": "8.190",
      "TakeProfit": "9.930",
      "TradeDirection": "Buy",
      "PositionType": "Entry",
      "TakeProfit2": "11.530",
      "ActiveAllocation": "[{\"id\":1,\"activeAllocation\":\"100\",\"date\":\"2025-02-21\"},{\"id\":2,\"activeAllocation\":\"100\",\"type\":\"close\",\"date\":\"2025-02-25T23:59:59.999Z\"}]",
      "TradeDate": "2025-02-21",
      "State": false,
      "SavedPrice": "8.19",
      "ClosingDate": "2025-02-25",
      "precioPromedio": 8.66,
      "rentabilidadTotalActiva": 27.94,
      "porcentajeAsignacionActiva": 100
    },
    {
      "id": 302,
      "order": "40.00000000000000000000",
      "Symbol": "LMT",
      "PriceEntry": "[{\"id\":1,\"price\":\"440.45\",\"date\":\"2025-02-21\"},{\"id\":2,\"price\":\"447.62\",\"type\":\"close\",\"date\":\"2025-03-21T23:59:59.999Z\"}]",
      "StopLoss": "447.620",
      "TakeProfit": "476.990",
      "TradeDirection": "Buy",
      "PositionType": "Entry",
      "TakeProfit2": "543.810",
      "ActiveAllocation": "[{\"id\":1,\"activeAllocation\":\"100\",\"date\":\"2025-02-21\"},{\"id\":2,\"activeAllocation\":\"100\",\"type\":\"close\",\"date\":\"2025-03-21T23:59:59.999Z\"}]",
      "TradeDate": "2025-02-21",
      "State": false,
      "SavedPrice": "447.62",
      "ClosingDate": "2025-03-21",
      "precioPromedio": 440.45,
      "rentabilidadTotalActiva": -4.41,
      "porcentajeAsignacionActiva": 100
    },
    {
      "id": 331,
      "order": "41.00000000000000000000",
      "Symbol": "PAYC",
      "PriceEntry": "[{\"id\":1,\"price\":\"207.7\",\"date\":\"2025-01-29\"},{\"id\":2,\"price\":\"201\",\"type\":\"close\",\"date\":\"2025-02-03T23:59:59.999Z\"}]",
      "StopLoss": "201.740",
      "TakeProfit": "226.000",
      "TradeDirection": "Buy",
      "PositionType": "Entry",
      "TakeProfit2": "247.730",
      "ActiveAllocation": "[{\"id\":1,\"activeAllocation\":\"100\",\"date\":\"2025-01-29\"},{\"id\":2,\"activeAllocation\":\"100\",\"type\":\"close\",\"date\":\"2025-02-03T23:59:59.999Z\"}]",
      "TradeDate": "2025-01-29",
      "State": false,
      "SavedPrice": "201.00",
      "ClosingDate": "2025-02-03",
      "precioPromedio": 207.7,
      "rentabilidadTotalActiva": 9.02,
      "porcentajeAsignacionActiva": 100
    },
    {
      "id": 364,
      "order": "42.00000000000000000000",
      "Symbol": "USO",
      "PriceEntry": "[{\"id\":1,\"price\":\"78.32\",\"date\":\"2025-02-11\"},{\"id\":2,\"price\":\"78.32\",\"type\":\"add\",\"date\":\"2025-02-20T23:59:59.999Z\"},{\"id\":3,\"price\":\"75.16\",\"type\":\"close\",\"date\":\"2025-02-25T23:59:59.999Z\"}]",
      "StopLoss": "75.170",
      "TakeProfit": "84.470",
      "TradeDirection": "Buy",
      "PositionType": "Entry",
      "TakeProfit2": "89.220",
      "ActiveAllocation": "[{\"id\":1,\"activeAllocation\":\"100\",\"date\":\"2025-02-11\"},{\"id\":2,\"activeAllocation\":\"35\",\"type\":\"add\",\"date\":\"2025-02-20T23:59:59.999Z\"},{\"id\":3,\"activeAllocation\":\"100\",\"type\":\"close\",\"date\":\"2025-02-25T23:59:59.999Z\"}]",
      "TradeDate": "2025-02-11",
      "State": false,
      "SavedPrice": "75.16",
      "ClosingDate": "2025-02-25",
      "precioPromedio": 78.32,
      "rentabilidadTotalActiva": -1.1,
      "porcentajeAsignacionActiva": 135
    },
    {
      "id": 397,
      "order": "44.00000000000000000000",
      "Symbol": "AZN",
      "PriceEntry": "[{\"id\":1,\"price\":\"67\",\"date\":\"2025-01-16\"},{\"id\":2,\"price\":\"73.9\",\"type\":\"decrease\",\"date\":\"2025-02-06T23:59:59.999Z\"},{\"id\":3,\"price\":\"77.95\",\"type\":\"decrease\",\"date\":\"2025-03-05T17:35:23.154Z\"},{\"id\":4,\"price\":\"74.55\",\"type\":\"close\",\"date\":\"2025-03-11T23:59:59.999Z\"}]",
      "StopLoss": "73.240",
      "TakeProfit": "73.100",
      "TradeDirection": "Buy",
      "PositionType": "Entry",
      "TakeProfit2": "77.870",
      "ActiveAllocation": "[{\"id\":1,\"activeAllocation\":\"100\",\"date\":\"2025-01-16\"},{\"id\":2,\"activeAllocation\":\"40\",\"type\":\"decrease\",\"date\":\"2025-02-06T23:59:59.999Z\"},{\"id\":3,\"activeAllocation\":\"50\",\"type\":\"decrease\",\"date\":\"2025-03-05T17:35:23.154Z\"},{\"id\":4,\"activeAllocation\":\"100\",\"type\":\"close\",\"date\":\"2025-03-11T23:59:59.999Z\"}]",
      "TradeDate": "2025-01-16",
      "State": false,
      "SavedPrice": "74.55",
      "ClosingDate": "2025-03-11",
      "precioPromedio": 67,
      "rentabilidadTotalActiva": 13.33,
      "porcentajeAsignacionActiva": 30
    },
    {
      "id": 430,
      "order": "45.00000000000000000000",
      "Symbol": "IWM",
      "PriceEntry": "[{\"id\":1,\"price\":\"208.59\",\"date\":\"2025-03-05\"},{\"id\":2,\"price\":\"203.2\",\"type\":\"close\",\"date\":\"2025-03-10T16:58:54.717Z\"}]",
      "StopLoss": "203.020",
      "TakeProfit": "218.660",
      "TradeDirection": "Buy",
      "PositionType": "Entry",
      "TakeProfit2": "237.100",
      "ActiveAllocation": "[{\"id\":1,\"activeAllocation\":\"100\",\"date\":\"2025-03-05\"},{\"id\":2,\"activeAllocation\":\"100\",\"type\":\"close\",\"date\":\"2025-03-10T16:58:54.717Z\"}]",
      "TradeDate": "2025-03-05",
      "State": false,
      "SavedPrice": "203.20",
      "ClosingDate": "2025-03-10",
      "precioPromedio": 208.59,
      "rentabilidadTotalActiva": 3.03,
      "porcentajeAsignacionActiva": 100
    },
    {
      "id": 463,
      "order": "46.00000000000000000000",
      "Symbol": "CELH",
      "PriceEntry": "[{\"id\":1,\"price\":\"27.98\",\"date\":\"2025-03-10\"},{\"id\":2,\"price\":\"36.5\",\"type\":\"add\",\"date\":\"2025-04-08T16:12:40.391Z\"},{\"id\":3,\"price\":\"32.52\",\"type\":\"close\",\"date\":\"2025-05-06T13:52:12.639Z\"}]",
      "StopLoss": "29.750",
      "TakeProfit": "33.250",
      "TradeDirection": "Buy",
      "PositionType": "Entry",
      "TakeProfit2": "50.380",
      "ActiveAllocation": "[{\"id\":1,\"activeAllocation\":\"100\",\"date\":\"2025-03-10\"},{\"id\":2,\"activeAllocation\":\"35\",\"type\":\"add\",\"date\":\"2025-04-08T16:12:40.391Z\"},{\"id\":3,\"activeAllocation\":\"100\",\"type\":\"close\",\"date\":\"2025-05-06T13:52:12.639Z\"}]",
      "TradeDate": "2025-03-10",
      "State": false,
      "SavedPrice": "32.52",
      "ClosingDate": "2025-05-06",
      "precioPromedio": 30.19,
      "rentabilidadTotalActiva": 48.13,
      "porcentajeAsignacionActiva": 135
    },
    {
      "id": 496,
      "order": "47.00000000000000000000",
      "Symbol": "MRNA",
      "PriceEntry": "[{\"id\":1,\"price\":\"35\",\"date\":\"2025-03-12\"},{\"id\":2,\"price\":\"31.73\",\"type\":\"close\",\"date\":\"2025-03-21T23:59:59.999Z\"}]",
      "StopLoss": "31.730",
      "TakeProfit": "42.080",
      "TradeDirection": "Buy",
      "PositionType": "Entry",
      "TakeProfit2": "51.500",
      "ActiveAllocation": "[{\"id\":1,\"activeAllocation\":\"100\",\"date\":\"2025-03-12\"},{\"id\":2,\"activeAllocation\":\"100\",\"type\":\"close\",\"date\":\"2025-03-21T23:59:59.999Z\"}]",
      "TradeDate": "2025-03-12",
      "State": false,
      "SavedPrice": "31.73",
      "ClosingDate": "2025-03-21",
      "precioPromedio": 35,
      "rentabilidadTotalActiva": -21.13,
      "porcentajeAsignacionActiva": 100
    },
    {
      "id": 529,
      "order": "48.00000000000000000000",
      "Symbol": "ASC",
      "PriceEntry": "[{\"id\":1,\"price\":\"9.92\",\"date\":\"2025-03-14\"},{\"id\":2,\"price\":\"9.22\",\"type\":\"close\",\"date\":\"2025-04-04T15:29:23.056Z\"}]",
      "StopLoss": "9.220",
      "TakeProfit": "11.420",
      "TradeDirection": "Buy",
      "PositionType": "Entry",
      "TakeProfit2": "13.180",
      "ActiveAllocation": "[{\"id\":1,\"activeAllocation\":\"100\",\"date\":\"2025-03-14\"},{\"id\":2,\"activeAllocation\":\"100\",\"type\":\"close\",\"date\":\"2025-04-04T15:29:23.056Z\"}]",
      "TradeDate": "2025-03-14",
      "State": false,
      "SavedPrice": "9.22",
      "ClosingDate": "2025-04-04",
      "precioPromedio": 9.92,
      "rentabilidadTotalActiva": 7.36,
      "porcentajeAsignacionActiva": 100
    },
    {
      "id": 531,
      "order": "49.00000000000000000000",
      "Symbol": "AVDL",
      "PriceEntry": "[{\"id\":1,\"price\":\"8.15\",\"date\":\"2025-03-14\"},{\"id\":2,\"price\":\"7.36\",\"type\":\"close\",\"date\":\"2025-04-02T16:26:16.415Z\"}]",
      "StopLoss": "7.360",
      "TakeProfit": "9.920",
      "TradeDirection": "Buy",
      "PositionType": "Entry",
      "TakeProfit2": "11.540",
      "ActiveAllocation": "[{\"id\":1,\"activeAllocation\":\"100\",\"date\":\"2025-03-14\"},{\"id\":2,\"activeAllocation\":\"100\",\"type\":\"close\",\"date\":\"2025-04-02T16:26:16.415Z\"}]",
      "TradeDate": "2025-03-14",
      "State": false,
      "SavedPrice": "7.36",
      "ClosingDate": "2025-04-02",
      "precioPromedio": 8.15,
      "rentabilidadTotalActiva": 35.95,
      "porcentajeAsignacionActiva": 100
    },
    {
      "id": 532,
      "order": "50.00000000000000000000",
      "Symbol": "INDA",
      "PriceEntry": "[{\"id\":1,\"price\":\"48.78\",\"date\":\"2025-03-14\"},{\"id\":2,\"price\":\"49.25\",\"type\":\"add\",\"date\":\"2025-03-18T13:36:47.406Z\"},{\"id\":3,\"price\":\"51.41\",\"type\":\"decrease\",\"date\":\"2025-03-21T23:59:59.999Z\"},{\"id\":4,\"price\":\"49.71\",\"type\":\"close\",\"date\":\"2025-04-04T15:02:50.608Z\"}]",
      "StopLoss": "50.080",
      "TakeProfit": "51.410",
      "TradeDirection": "Buy",
      "PositionType": "Entry",
      "TakeProfit2": "53.500",
      "ActiveAllocation": "[{\"id\":1,\"activeAllocation\":\"100\",\"date\":\"2025-03-14\"},{\"id\":2,\"activeAllocation\":\"50\",\"type\":\"add\",\"date\":\"2025-03-18T13:36:47.406Z\"},{\"id\":3,\"activeAllocation\":\"35\",\"type\":\"decrease\",\"date\":\"2025-03-21T23:59:59.999Z\"},{\"id\":4,\"activeAllocation\":\"100\",\"type\":\"close\",\"date\":\"2025-04-04T15:02:50.608Z\"}]",
      "TradeDate": "2025-03-14",
      "State": false,
      "SavedPrice": "49.71",
      "ClosingDate": "2025-04-04",
      "precioPromedio": 48.94,
      "rentabilidadTotalActiva": 6.79,
      "porcentajeAsignacionActiva": 97.5
    },
    {
      "id": 533,
      "order": "51.00000000000000000000",
      "Symbol": "SIRI",
      "PriceEntry": "[{\"id\":1,\"price\":\"22.65\",\"date\":\"2025-03-14\"},{\"id\":2,\"price\":\"21.54\",\"type\":\"close\",\"date\":\"2025-04-03T15:06:10.086Z\"}]",
      "StopLoss": "21.540",
      "TakeProfit": "25.200",
      "TradeDirection": "Buy",
      "PositionType": "Entry",
      "TakeProfit2": "28.100",
      "ActiveAllocation": "[{\"id\":1,\"activeAllocation\":\"100\",\"date\":\"2025-03-14\"},{\"id\":2,\"activeAllocation\":\"100\",\"type\":\"close\",\"date\":\"2025-04-03T15:06:10.086Z\"}]",
      "TradeDate": "2025-03-14",
      "State": false,
      "SavedPrice": "21.54",
      "ClosingDate": "2025-04-03",
      "precioPromedio": 22.65,
      "rentabilidadTotalActiva": -6.49,
      "porcentajeAsignacionActiva": 100
    },
    {
      "id": 562,
      "order": "52.00000000000000000000",
      "Symbol": "CNEC.CL",
      "PriceEntry": "[{\"id\":1,\"price\":\"11240\",\"date\":\"2025-03-17\"},{\"id\":2,\"price\":\"10500\",\"type\":\"close\",\"date\":\"2025-04-08T23:59:59.999Z\"}]",
      "StopLoss": "10720.000",
      "TakeProfit": "12250.000",
      "TradeDirection": "Buy",
      "PositionType": "Entry",
      "TakeProfit2": "13480.000",
      "ActiveAllocation": "[{\"id\":1,\"activeAllocation\":\"100\",\"date\":\"2025-03-17\"},{\"id\":2,\"activeAllocation\":\"100\",\"type\":\"close\",\"date\":\"2025-04-08T23:59:59.999Z\"}]",
      "TradeDate": "2025-03-17",
      "State": false,
      "SavedPrice": "10500.00",
      "ClosingDate": "2025-04-08",
      "precioPromedio": 11240,
      "rentabilidadTotalActiva": -44.48,
      "porcentajeAsignacionActiva": 100
    },
    {
      "id": 563,
      "order": "53.00000000000000000000",
      "Symbol": "RIVN",
      "PriceEntry": "[{\"id\":1,\"price\":\"11.28\",\"date\":\"2025-03-18\"},{\"id\":2,\"price\":\"12.56\",\"type\":\"decrease\",\"date\":\"2025-03-26T23:59:59.999Z\"},{\"id\":3,\"price\":\"13.28\",\"type\":\"decrease\",\"date\":\"2025-04-01T18:17:19.150Z\"},{\"id\":4,\"price\":\"11.46\",\"type\":\"close\",\"date\":\"2025-04-04T15:31:00.852Z\"}]",
      "StopLoss": "11.460",
      "TakeProfit": "12.630",
      "TradeDirection": "Buy",
      "PositionType": "Entry",
      "TakeProfit2": "14.350",
      "ActiveAllocation": "[{\"id\":1,\"activeAllocation\":\"100\",\"date\":\"2025-03-18\"},{\"id\":2,\"activeAllocation\":\"35\",\"type\":\"decrease\",\"date\":\"2025-03-26T23:59:59.999Z\"},{\"id\":3,\"activeAllocation\":\"35\",\"type\":\"decrease\",\"date\":\"2025-04-01T18:17:19.150Z\"},{\"id\":4,\"activeAllocation\":\"100\",\"type\":\"close\",\"date\":\"2025-04-04T15:31:00.852Z\"}]",
      "TradeDate": "2025-03-18",
      "State": false,
      "SavedPrice": "11.46",
      "ClosingDate": "2025-04-04",
      "precioPromedio": 11.28,
      "rentabilidadTotalActiva": 13.1,
      "porcentajeAsignacionActiva": 42.25
    },
    {
      "id": 595,
      "order": "54.00000000000000000000",
      "Symbol": "ETHE",
      "PriceEntry": "[{\"id\":1,\"price\":\"16.95\",\"date\":\"2025-03-19\"},{\"id\":2,\"price\":\"15.05\",\"type\":\"close\",\"date\":\"2025-03-31T23:59:59.999Z\"}]",
      "StopLoss": "15.050",
      "TakeProfit": "21.410",
      "TradeDirection": "Buy",
      "PositionType": "Entry",
      "TakeProfit2": "27.190",
      "ActiveAllocation": "[{\"id\":1,\"activeAllocation\":\"100\",\"date\":\"2025-03-19\"},{\"id\":2,\"activeAllocation\":\"100\",\"type\":\"close\",\"date\":\"2025-03-31T23:59:59.999Z\"}]",
      "TradeDate": "2025-03-19",
      "State": false,
      "SavedPrice": "15.05",
      "ClosingDate": "2025-03-31",
      "precioPromedio": 16.95,
      "rentabilidadTotalActiva": 70.97,
      "porcentajeAsignacionActiva": 100
    },
    {
      "id": 596,
      "order": "55.00000000000000000000",
      "Symbol": "IWM",
      "PriceEntry": "[{\"id\":1,\"price\":\"206.1\",\"date\":\"2025-03-19\"},{\"id\":2,\"price\":\"196.61\",\"type\":\"close\",\"date\":\"2025-03-31T17:35:34.800Z\"}]",
      "StopLoss": "196.820",
      "TakeProfit": "222.060",
      "TradeDirection": "Buy",
      "PositionType": "Entry",
      "TakeProfit2": "238.730",
      "ActiveAllocation": "[{\"id\":1,\"activeAllocation\":\"100\",\"date\":\"2025-03-19\"},{\"id\":2,\"activeAllocation\":\"100\",\"type\":\"close\",\"date\":\"2025-03-31T17:35:34.800Z\"}]",
      "TradeDate": "2025-03-19",
      "State": false,
      "SavedPrice": "196.61",
      "ClosingDate": "2025-03-31",
      "precioPromedio": 206.1,
      "rentabilidadTotalActiva": 4.28,
      "porcentajeAsignacionActiva": 100
    },
    {
      "id": 629,
      "order": "56.00000000000000000000",
      "Symbol": "USO",
      "PriceEntry": "[{\"id\":1,\"price\":\"73.79\",\"date\":\"2025-03-21\"},{\"id\":2,\"price\":\"77.73\",\"type\":\"decrease\",\"date\":\"2025-04-01T18:17:51.711Z\"},{\"id\":3,\"price\":\"73.87\",\"type\":\"close\",\"date\":\"2025-04-03T15:05:22.431Z\"}]",
      "StopLoss": "73.870",
      "TakeProfit": "77.730",
      "TradeDirection": "Buy",
      "PositionType": "Entry",
      "TakeProfit2": "84.470",
      "ActiveAllocation": "[{\"id\":1,\"activeAllocation\":\"100\",\"date\":\"2025-03-21\"},{\"id\":2,\"activeAllocation\":\"35\",\"type\":\"decrease\",\"date\":\"2025-04-01T18:17:51.711Z\"},{\"id\":3,\"activeAllocation\":\"100\",\"type\":\"close\",\"date\":\"2025-04-03T15:05:22.431Z\"}]",
      "TradeDate": "2025-03-21",
      "State": false,
      "SavedPrice": "73.87",
      "ClosingDate": "2025-04-03",
      "precioPromedio": 73.79,
      "rentabilidadTotalActiva": 5.1,
      "porcentajeAsignacionActiva": 65
    },
    {
      "id": 630,
      "order": "57.00000000000000000000",
      "Symbol": "ARKK",
      "PriceEntry": "[{\"id\":1,\"price\":\"50.88\",\"date\":\"2025-03-25\"},{\"id\":2,\"price\":\"46.67\",\"type\":\"close\",\"date\":\"2025-03-31T17:35:05.648Z\"}]",
      "StopLoss": "46.710",
      "TakeProfit": "58.600",
      "TradeDirection": "Buy",
      "PositionType": "Entry",
      "TakeProfit2": "66.200",
      "ActiveAllocation": "[{\"id\":1,\"activeAllocation\":\"100\",\"date\":\"2025-03-25\"},{\"id\":2,\"activeAllocation\":\"100\",\"type\":\"close\",\"date\":\"2025-03-31T17:35:05.648Z\"}]",
      "TradeDate": "2025-03-25",
      "State": false,
      "SavedPrice": "46.67",
      "ClosingDate": "2025-03-31",
      "precioPromedio": 50.88,
      "rentabilidadTotalActiva": 39.86,
      "porcentajeAsignacionActiva": 100
    },
    {
      "id": 661,
      "order": "58.00000000000000000000",
      "Symbol": "CPB",
      "PriceEntry": "[{\"id\":1,\"price\":\"38.75\",\"date\":\"2025-03-26\"},{\"id\":2,\"price\":\"37.6\",\"type\":\"close\",\"date\":\"2025-04-08T23:59:59.999Z\"}]",
      "StopLoss": "37.600",
      "TakeProfit": "41.710",
      "TradeDirection": "Buy",
      "PositionType": "Entry",
      "TakeProfit2": "45.030",
      "ActiveAllocation": "[{\"id\":1,\"activeAllocation\":\"100\",\"date\":\"2025-03-26\"},{\"id\":2,\"activeAllocation\":\"100\",\"type\":\"close\",\"date\":\"2025-04-08T23:59:59.999Z\"}]",
      "TradeDate": "2025-03-26",
      "State": false,
      "SavedPrice": "37.60",
      "ClosingDate": "2025-04-08",
      "precioPromedio": 38.75,
      "rentabilidadTotalActiva": -16.57,
      "porcentajeAsignacionActiva": 100
    },
    {
      "id": 694,
      "order": "59.00000000000000000000",
      "Symbol": "WSM",
      "PriceEntry": "[{\"id\":1,\"price\":\"131.02\",\"date\":\"2025-04-04\"},{\"id\":2,\"price\":\"149.26\",\"type\":\"decrease\",\"date\":\"2025-04-07T23:59:59.999Z\"},{\"id\":3,\"price\":\"173.25\",\"type\":\"decrease\",\"date\":\"2025-05-12T16:00:46.222Z\"},{\"id\":4,\"price\":\"152.28\",\"type\":\"close\",\"date\":\"2025-05-22T15:53:36.804Z\"}]",
      "StopLoss": "152.320",
      "TakeProfit": "161.280",
      "TradeDirection": "Buy",
      "PositionType": "Entry",
      "TakeProfit2": "191.690",
      "ActiveAllocation": "[{\"id\":1,\"activeAllocation\":\"100\",\"date\":\"2025-04-04\"},{\"id\":2,\"activeAllocation\":\"35\",\"type\":\"decrease\",\"date\":\"2025-04-07T23:59:59.999Z\"},{\"id\":3,\"activeAllocation\":\"30\",\"type\":\"decrease\",\"date\":\"2025-05-12T16:00:46.222Z\"},{\"id\":4,\"activeAllocation\":\"100\",\"type\":\"close\",\"date\":\"2025-05-22T15:53:36.804Z\"}]",
      "TradeDate": "2025-04-04",
      "State": false,
      "SavedPrice": "152.28",
      "ClosingDate": "2025-05-22",
      "precioPromedio": 131.02,
      "rentabilidadTotalActiva": 29.68,
      "porcentajeAsignacionActiva": 45.5
    },
    {
      "id": 695,
      "order": "60.00000000000000000000",
      "Symbol": "AAPL",
      "PriceEntry": "[{\"id\":1,\"price\":\"194\",\"date\":\"2025-04-04\"},{\"id\":2,\"price\":\"205.28\",\"type\":\"add\",\"date\":\"2025-06-09T16:23:04.043Z\"},{\"id\":3,\"price\":\"203.57\",\"type\":\"close\",\"date\":\"2025-08-01T19:46:29.775Z\"}]",
      "StopLoss": "203.570",
      "TakeProfit": "231.580",
      "TradeDirection": "Buy",
      "PositionType": "Entry",
      "TakeProfit2": "247.420",
      "ActiveAllocation": "[{\"id\":1,\"activeAllocation\":\"100\",\"date\":\"2025-04-04\"},{\"id\":2,\"activeAllocation\":\"25\",\"type\":\"add\",\"date\":\"2025-06-09T16:23:04.043Z\"},{\"id\":3,\"activeAllocation\":\"100\",\"type\":\"close\",\"date\":\"2025-08-01T19:46:29.775Z\"}]",
      "TradeDate": "2025-04-04",
      "State": false,
      "SavedPrice": "203.57",
      "ClosingDate": "2025-08-01",
      "precioPromedio": 196.26,
      "rentabilidadTotalActiva": 3.12,
      "porcentajeAsignacionActiva": 125
    },
    {
      "id": 760,
      "order": "62.00000000000000000000",
      "Symbol": "NKE",
      "PriceEntry": "[{\"id\":1,\"price\":\"57.61\",\"date\":\"2025-04-08\"},{\"id\":2,\"price\":\"52.43\",\"type\":\"close\",\"date\":\"2025-04-08T20:30:02.769Z\"}]",
      "StopLoss": "52.430",
      "TakeProfit": "67.980",
      "TradeDirection": "Buy",
      "PositionType": "Entry",
      "TakeProfit2": "76.690",
      "ActiveAllocation": "[{\"id\":1,\"activeAllocation\":\"100\",\"date\":\"2025-04-08\"},{\"id\":2,\"activeAllocation\":\"100\",\"type\":\"close\",\"date\":\"2025-04-08T20:30:02.769Z\"}]",
      "TradeDate": "2025-04-08",
      "State": false,
      "SavedPrice": "52.43",
      "ClosingDate": "2025-04-08",
      "precioPromedio": 57.61,
      "rentabilidadTotalActiva": 29.53,
      "porcentajeAsignacionActiva": 100
    },
    {
      "id": 762,
      "order": "63.00000000000000000000",
      "Symbol": "LAC",
      "PriceEntry": "[{\"id\":1,\"price\":\"2.57\",\"date\":\"2025-04-08\"},{\"id\":2,\"price\":\"2.37\",\"type\":\"close\",\"date\":\"2025-04-08T20:30:31.727Z\"}]",
      "StopLoss": "2.370",
      "TakeProfit": "3.020",
      "TradeDirection": "Buy",
      "PositionType": "Entry",
      "TakeProfit2": "3.490",
      "ActiveAllocation": "[{\"id\":1,\"activeAllocation\":\"100\",\"date\":\"2025-04-08\"},{\"id\":2,\"activeAllocation\":\"100\",\"type\":\"close\",\"date\":\"2025-04-08T20:30:31.727Z\"}]",
      "TradeDate": "2025-04-08",
      "State": false,
      "SavedPrice": "2.37",
      "ClosingDate": "2025-04-08",
      "precioPromedio": 2.57,
      "rentabilidadTotalActiva": -0.78,
      "porcentajeAsignacionActiva": 100
    },
    {
      "id": 793,
      "order": "64.00000000000000000000",
      "Symbol": "PINS",
      "PriceEntry": "[{\"id\":1,\"price\":\"24.55\",\"date\":\"2025-04-09\"},{\"id\":2,\"price\":\"31.88\",\"type\":\"decrease\",\"date\":\"2025-05-12T14:52:52.325Z\"},{\"id\":3,\"price\":\"32.8\",\"type\":\"decrease\",\"date\":\"2025-05-12T15:58:38.541Z\"},{\"id\":4,\"price\":\"38.85\",\"type\":\"close\",\"date\":\"2025-07-21T17:45:00.846Z\"}]",
      "StopLoss": "33.040",
      "TakeProfit": "31.000",
      "TradeDirection": "Buy",
      "PositionType": "Entry",
      "TakeProfit2": "37.920",
      "ActiveAllocation": "[{\"id\":1,\"activeAllocation\":\"100\",\"date\":\"2025-04-09\"},{\"id\":2,\"activeAllocation\":\"35\",\"type\":\"decrease\",\"date\":\"2025-05-12T14:52:52.325Z\"},{\"id\":3,\"activeAllocation\":\"20\",\"type\":\"decrease\",\"date\":\"2025-05-12T15:58:38.541Z\"},{\"id\":4,\"activeAllocation\":\"100\",\"type\":\"close\",\"date\":\"2025-07-21T17:45:00.846Z\"}]",
      "TradeDate": "2025-04-09",
      "State": false,
      "SavedPrice": "38.85",
      "ClosingDate": "2025-07-21",
      "precioPromedio": 24.55,
      "rentabilidadTotalActiva": 41.38,
      "porcentajeAsignacionActiva": 52
    },
    {
      "id": 860,
      "order": "67.00000000000000000000",
      "Symbol": "ETHE",
      "PriceEntry": "[{\"id\":1,\"price\":\"13.7\",\"date\":\"2025-04-22\"},{\"id\":2,\"price\":\"19.4\",\"type\":\"decrease\",\"date\":\"2025-05-09T18:47:15.315Z\"},{\"id\":3,\"price\":\"21.17\",\"type\":\"decrease\",\"date\":\"2025-05-12T14:53:29.558Z\"},{\"id\":4,\"price\":\"19.83\",\"type\":\"close\",\"date\":\"2025-06-20T18:50:09.692Z\"}]",
      "StopLoss": "19.830",
      "TakeProfit": "17.150",
      "TradeDirection": "Buy",
      "PositionType": "Entry",
      "TakeProfit2": "21.570",
      "ActiveAllocation": "[{\"id\":1,\"activeAllocation\":\"100\",\"date\":\"2025-04-22\"},{\"id\":2,\"activeAllocation\":\"20\",\"type\":\"decrease\",\"date\":\"2025-05-09T18:47:15.315Z\"},{\"id\":3,\"activeAllocation\":\"20\",\"type\":\"decrease\",\"date\":\"2025-05-12T14:53:29.558Z\"},{\"id\":4,\"activeAllocation\":\"100\",\"type\":\"close\",\"date\":\"2025-06-20T18:50:09.692Z\"}]",
      "TradeDate": "2025-04-22",
      "State": false,
      "SavedPrice": "19.83",
      "ClosingDate": "2025-06-20",
      "precioPromedio": 13.7,
      "rentabilidadTotalActiva": 86.15,
      "porcentajeAsignacionActiva": 64
    },
    {
      "id": 892,
      "order": "69.00000000000000000000",
      "Symbol": "MMS",
      "PriceEntry": "[{\"id\":1,\"price\":\"68.5\",\"date\":\"2025-04-24\"},{\"id\":2,\"price\":\"65.99\",\"type\":\"close\",\"date\":\"2025-05-01T23:59:59.999Z\"}]",
      "StopLoss": "65.990",
      "TakeProfit": "74.660",
      "TradeDirection": "Buy",
      "PositionType": "Entry",
      "TakeProfit2": "78.070",
      "ActiveAllocation": "[{\"id\":1,\"activeAllocation\":\"100\",\"date\":\"2025-04-24\"},{\"id\":2,\"activeAllocation\":\"100\",\"type\":\"close\",\"date\":\"2025-05-01T23:59:59.999Z\"}]",
      "TradeDate": "2025-04-24",
      "State": false,
      "SavedPrice": "65.99",
      "ClosingDate": "2025-05-01",
      "precioPromedio": 68.5,
      "rentabilidadTotalActiva": 6.44,
      "porcentajeAsignacionActiva": 100
    },
    {
      "id": 893,
      "order": "70.00000000000000000000",
      "Symbol": "TRMD",
      "PriceEntry": "[{\"id\":1,\"price\":\"15.97\",\"date\":\"2025-04-24\"},{\"id\":2,\"price\":\"15.92\",\"type\":\"close\",\"date\":\"2025-05-30T23:59:59.999Z\"}]",
      "StopLoss": "15.940",
      "TakeProfit": "18.790",
      "TradeDirection": "Buy",
      "PositionType": "Entry",
      "TakeProfit2": "22.160",
      "ActiveAllocation": "[{\"id\":1,\"activeAllocation\":\"100\",\"date\":\"2025-04-24\"},{\"id\":2,\"activeAllocation\":\"100\",\"type\":\"close\",\"date\":\"2025-05-30T23:59:59.999Z\"}]",
      "TradeDate": "2025-04-24",
      "State": false,
      "SavedPrice": "15.92",
      "ClosingDate": "2025-05-30",
      "precioPromedio": 15.97,
      "rentabilidadTotalActiva": 15.28,
      "porcentajeAsignacionActiva": 100
    },
    {
      "id": 925,
      "order": "71.00000000000000000000",
      "Symbol": "NVO",
      "PriceEntry": "[{\"id\":1,\"price\":\"64.35\",\"date\":\"2025-04-29\"},{\"id\":2,\"price\":\"63.31\",\"type\":\"close\",\"date\":\"2025-05-16T21:09:18.327Z\"}]",
      "StopLoss": "63.310",
      "TakeProfit": "78.350",
      "TradeDirection": "Buy",
      "PositionType": "Entry",
      "TakeProfit2": "89.680",
      "ActiveAllocation": "[{\"id\":1,\"activeAllocation\":\"100\",\"date\":\"2025-04-29\"},{\"id\":2,\"activeAllocation\":\"100\",\"type\":\"close\",\"date\":\"2025-05-16T21:09:18.327Z\"}]",
      "TradeDate": "2025-04-29",
      "State": false,
      "SavedPrice": "63.31",
      "ClosingDate": "2025-05-16",
      "precioPromedio": 64.35,
      "rentabilidadTotalActiva": -25.11,
      "porcentajeAsignacionActiva": 100
    },
    {
      "id": 926,
      "order": "72.00000000000000000000",
      "Symbol": "BIIB",
      "PriceEntry": "[{\"id\":1,\"price\":\"120.24\",\"date\":\"2025-04-29\"},{\"id\":2,\"price\":\"126.29\",\"type\":\"close\",\"date\":\"2025-07-30T19:50:58.312Z\"}]",
      "StopLoss": "123.470",
      "TakeProfit": "139.380",
      "TradeDirection": "Buy",
      "PositionType": "Entry",
      "TakeProfit2": "161.470",
      "ActiveAllocation": "[{\"id\":1,\"activeAllocation\":\"100\",\"date\":\"2025-04-29\"},{\"id\":2,\"activeAllocation\":\"100\",\"type\":\"close\",\"date\":\"2025-07-30T19:50:58.312Z\"}]",
      "TradeDate": "2025-04-29",
      "State": false,
      "SavedPrice": "126.29",
      "ClosingDate": "2025-07-30",
      "precioPromedio": 120.24,
      "rentabilidadTotalActiva": 9.74,
      "porcentajeAsignacionActiva": 100
    },
    {
      "id": 958,
      "order": "74.00000000000000000000",
      "Symbol": "BMY",
      "PriceEntry": "[{\"id\":1,\"price\":\"50.1\",\"date\":\"2025-05-02\"},{\"id\":2,\"price\":\"47.82\",\"type\":\"close\",\"date\":\"2025-05-06T19:36:53.114Z\"}]",
      "StopLoss": "47.820",
      "TakeProfit": "55.470",
      "TradeDirection": "Buy",
      "PositionType": "Entry",
      "TakeProfit2": "59.570",
      "ActiveAllocation": "[{\"id\":1,\"activeAllocation\":\"100\",\"date\":\"2025-05-02\"},{\"id\":2,\"activeAllocation\":\"100\",\"type\":\"close\",\"date\":\"2025-05-06T19:36:53.114Z\"}]",
      "TradeDate": "2025-05-02",
      "State": false,
      "SavedPrice": "47.82",
      "ClosingDate": "2025-05-06",
      "precioPromedio": 50.1,
      "rentabilidadTotalActiva": -11.72,
      "porcentajeAsignacionActiva": 100
    },
    {
      "id": 959,
      "order": "75.00000000000000000000",
      "Symbol": "MRNA",
      "PriceEntry": "[{\"id\":1,\"price\":\"27.88\",\"date\":\"2025-05-02\"},{\"id\":2,\"price\":\"25.88\",\"type\":\"close\",\"date\":\"2025-05-06T23:59:59.999Z\"}]",
      "StopLoss": "25.880",
      "TakeProfit": "33.060",
      "TradeDirection": "Buy",
      "PositionType": "Entry",
      "TakeProfit2": "37.630",
      "ActiveAllocation": "[{\"id\":1,\"activeAllocation\":\"100\",\"date\":\"2025-05-02\"},{\"id\":2,\"activeAllocation\":\"100\",\"type\":\"close\",\"date\":\"2025-05-06T23:59:59.999Z\"}]",
      "TradeDate": "2025-05-02",
      "State": false,
      "SavedPrice": "25.88",
      "ClosingDate": "2025-05-06",
      "precioPromedio": 27.88,
      "rentabilidadTotalActiva": -0.99,
      "porcentajeAsignacionActiva": 100
    },
    {
      "id": 960,
      "order": "76.00000000000000000000",
      "Symbol": "LULU",
      "PriceEntry": "[{\"id\":1,\"price\":\"274.5\",\"date\":\"2025-05-02\"},{\"id\":2,\"price\":\"302.32\",\"type\":\"decrease\",\"date\":\"2025-05-12T15:59:53.182Z\"},{\"id\":3,\"price\":\"320\",\"type\":\"decrease\",\"date\":\"2025-05-16T14:01:31.595Z\"},{\"id\":4,\"price\":\"270.48\",\"type\":\"close\",\"date\":\"2025-06-06T23:59:59.999Z\"}]",
      "StopLoss": "302.470",
      "TakeProfit": "323.280",
      "TradeDirection": "Buy",
      "PositionType": "Entry",
      "TakeProfit2": "367.770",
      "ActiveAllocation": "[{\"id\":1,\"activeAllocation\":\"100\",\"date\":\"2025-05-02\"},{\"id\":2,\"activeAllocation\":\"30\",\"type\":\"decrease\",\"date\":\"2025-05-12T15:59:53.182Z\"},{\"id\":3,\"activeAllocation\":\"30\",\"type\":\"decrease\",\"date\":\"2025-05-16T14:01:31.595Z\"},{\"id\":4,\"activeAllocation\":\"100\",\"type\":\"close\",\"date\":\"2025-06-06T23:59:59.999Z\"}]",
      "TradeDate": "2025-05-02",
      "State": false,
      "SavedPrice": "270.48",
      "ClosingDate": "2025-06-06",
      "precioPromedio": 274.5,
      "rentabilidadTotalActiva": -3.81,
      "porcentajeAsignacionActiva": 49
    },
    {
      "id": 1024,
      "order": "78.00000000000000000000",
      "Symbol": "AMZN",
      "PriceEntry": "[{\"id\":1,\"price\":\"190.21\",\"date\":\"2025-05-08\"},{\"id\":2,\"price\":\"208\",\"type\":\"decrease\",\"date\":\"2025-05-12T14:54:49.923Z\"},{\"id\":3,\"price\":\"221\",\"type\":\"decrease\",\"date\":\"2025-06-27T15:18:04.139Z\"},{\"id\":4,\"price\":\"235.55\",\"type\":\"close\",\"date\":\"2025-07-31T15:09:57.082Z\"}]",
      "StopLoss": "206.570",
      "TakeProfit": "214.910",
      "TradeDirection": "Buy",
      "PositionType": "Entry",
      "TakeProfit2": "234.890",
      "ActiveAllocation": "[{\"id\":1,\"activeAllocation\":\"100\",\"date\":\"2025-05-08\"},{\"id\":2,\"activeAllocation\":\"30\",\"type\":\"decrease\",\"date\":\"2025-05-12T14:54:49.923Z\"},{\"id\":3,\"activeAllocation\":\"25\",\"type\":\"decrease\",\"date\":\"2025-06-27T15:18:04.139Z\"},{\"id\":4,\"activeAllocation\":\"100\",\"type\":\"close\",\"date\":\"2025-07-31T15:09:57.082Z\"}]",
      "TradeDate": "2025-05-08",
      "State": false,
      "SavedPrice": "235.55",
      "ClosingDate": "2025-07-31",
      "precioPromedio": 190.21,
      "rentabilidadTotalActiva": 12.66,
      "porcentajeAsignacionActiva": 52.5
    },
    {
      "id": 1058,
      "order": "80.00000000000000000000",
      "Symbol": "TLT",
      "PriceEntry": "[{\"id\":1,\"price\":\"86.32\",\"date\":\"2025-05-16\"},{\"id\":2,\"price\":\"89.4\",\"type\":\"close\",\"date\":\"2025-05-19T16:17:53.492Z\"}]",
      "StopLoss": "84.900",
      "TakeProfit": "89.970",
      "TradeDirection": "Buy",
      "PositionType": "Entry",
      "TakeProfit2": "92.990",
      "ActiveAllocation": "[{\"id\":1,\"activeAllocation\":\"100\",\"date\":\"2025-05-16\"},{\"id\":2,\"activeAllocation\":\"100\",\"type\":\"close\",\"date\":\"2025-05-19T16:17:53.492Z\"}]",
      "TradeDate": "2025-05-16",
      "State": false,
      "SavedPrice": "89.40",
      "ClosingDate": "2025-05-19",
      "precioPromedio": 86.32,
      "rentabilidadTotalActiva": 1.74,
      "porcentajeAsignacionActiva": 100
    },
    {
      "id": 1059,
      "order": "81.00000000000000000000",
      "Symbol": "REGN",
      "PriceEntry": "[{\"id\":1,\"price\":\"588.2\",\"date\":\"2025-05-16\"},{\"id\":2,\"price\":\"515.31\",\"type\":\"close\",\"date\":\"2025-05-30T23:59:59.999Z\"}]",
      "StopLoss": "552.750",
      "TakeProfit": "728.560",
      "TradeDirection": "Buy",
      "PositionType": "Entry",
      "TakeProfit2": "892.000",
      "ActiveAllocation": "[{\"id\":1,\"activeAllocation\":\"100\",\"date\":\"2025-05-16\"},{\"id\":2,\"activeAllocation\":\"100\",\"type\":\"close\",\"date\":\"2025-05-30T23:59:59.999Z\"}]",
      "TradeDate": "2025-05-16",
      "State": false,
      "SavedPrice": "515.31",
      "ClosingDate": "2025-05-30",
      "precioPromedio": 588.2,
      "rentabilidadTotalActiva": -4.99,
      "porcentajeAsignacionActiva": 100
    },
    {
      "id": 1090,
      "order": "82.00000000000000000000",
      "Symbol": "TGT",
      "PriceEntry": "[{\"id\":1,\"price\":\"98.15\",\"date\":\"2025-05-16\"},{\"id\":2,\"price\":\"92.71\",\"type\":\"close\",\"date\":\"2025-05-21T20:39:33.703Z\"}]",
      "StopLoss": "92.710",
      "TakeProfit": "109.090",
      "TradeDirection": "Buy",
      "PositionType": "Entry",
      "TakeProfit2": "123.730",
      "ActiveAllocation": "[{\"id\":1,\"activeAllocation\":\"100\",\"date\":\"2025-05-16\"},{\"id\":2,\"activeAllocation\":\"100\",\"type\":\"close\",\"date\":\"2025-05-21T20:39:33.703Z\"}]",
      "TradeDate": "2025-05-16",
      "State": false,
      "SavedPrice": "92.71",
      "ClosingDate": "2025-05-21",
      "precioPromedio": 98.15,
      "rentabilidadTotalActiva": 1.65,
      "porcentajeAsignacionActiva": 100
    },
    {
      "id": 1123,
      "order": "83.00000000000000000000",
      "Symbol": "BIIB",
      "PriceEntry": "[{\"id\":1,\"price\":\"120.24\",\"date\":\"2025-04-29\"},{\"id\":2,\"price\":\"123.47\",\"type\":\"close\",\"date\":\"2025-06-23T20:10:17.135Z\"}]",
      "StopLoss": "114.030",
      "TakeProfit": "139.380",
      "TradeDirection": "Buy",
      "PositionType": "Entry",
      "TakeProfit2": "161.470",
      "ActiveAllocation": "[{\"id\":1,\"activeAllocation\":\"100\",\"date\":\"2025-04-29\"},{\"id\":2,\"activeAllocation\":\"100\",\"type\":\"close\",\"date\":\"2025-06-23T20:10:17.135Z\"}]",
      "TradeDate": "2025-04-29",
      "State": false,
      "SavedPrice": "123.47",
      "ClosingDate": "2025-06-23",
      "precioPromedio": 120.24,
      "rentabilidadTotalActiva": 9.74,
      "porcentajeAsignacionActiva": 100
    },
    {
      "id": 1189,
      "order": "88.00000000000000000000",
      "Symbol": "GOOG",
      "PriceEntry": "[{\"id\":1,\"price\":\"171.6\",\"date\":\"2025-06-05\"},{\"id\":2,\"price\":\"165.5\",\"type\":\"close\",\"date\":\"2025-06-23T20:09:47.181Z\"}]",
      "StopLoss": "165.520",
      "TakeProfit": "186.560",
      "TradeDirection": "Buy",
      "PositionType": "Entry",
      "TakeProfit2": "199.370",
      "ActiveAllocation": "[{\"id\":1,\"activeAllocation\":\"100\",\"date\":\"2025-06-05\"},{\"id\":2,\"activeAllocation\":\"100\",\"type\":\"close\",\"date\":\"2025-06-23T20:09:47.181Z\"}]",
      "TradeDate": "2025-06-05",
      "State": false,
      "SavedPrice": "165.50",
      "ClosingDate": "2025-06-23",
      "precioPromedio": 171.6,
      "rentabilidadTotalActiva": 10.69,
      "porcentajeAsignacionActiva": 100
    },
    {
      "id": 1190,
      "order": "89.00000000000000000000",
      "Symbol": "ECOPETROL.CL",
      "PriceEntry": "[{\"id\":1,\"price\":\"1810\",\"date\":\"2025-06-05\"},{\"id\":2,\"price\":\"1825\",\"type\":\"add\",\"date\":\"2025-07-08T15:10:34.040Z\"},{\"id\":3,\"price\":\"1751\",\"type\":\"close\",\"date\":\"2025-08-01T19:47:10.907Z\"}]",
      "StopLoss": "1801.000",
      "TakeProfit": "1942.000",
      "TradeDirection": "Buy",
      "PositionType": "Entry",
      "TakeProfit2": "2038.000",
      "ActiveAllocation": "[{\"id\":1,\"activeAllocation\":\"100\",\"date\":\"2025-06-05\"},{\"id\":2,\"activeAllocation\":\"40\",\"type\":\"add\",\"date\":\"2025-07-08T15:10:34.040Z\"},{\"id\":3,\"activeAllocation\":\"100\",\"type\":\"close\",\"date\":\"2025-08-01T19:47:10.907Z\"}]",
      "TradeDate": "2025-06-05",
      "State": false,
      "SavedPrice": "1751.00",
      "ClosingDate": "2025-08-01",
      "precioPromedio": 1814.29,
      "rentabilidadTotalActiva": -5.2,
      "porcentajeAsignacionActiva": 140
    },
    {
      "id": 1191,
      "order": "90.00000000000000000000",
      "Symbol": "LMT",
      "PriceEntry": "[{\"id\":1,\"price\":\"479.69\",\"date\":\"2025-06-03\"},{\"id\":2,\"price\":\"461.75\",\"type\":\"close\",\"date\":\"2025-06-11T21:45:00.212Z\"}]",
      "StopLoss": "461.750",
      "TakeProfit": "505.350",
      "TradeDirection": "Buy",
      "PositionType": "Entry",
      "TakeProfit2": "543.810",
      "ActiveAllocation": "[{\"id\":1,\"activeAllocation\":\"100\",\"date\":\"2025-06-03\"},{\"id\":2,\"activeAllocation\":\"100\",\"type\":\"close\",\"date\":\"2025-06-11T21:45:00.212Z\"}]",
      "TradeDate": "2025-06-03",
      "State": false,
      "SavedPrice": "461.75",
      "ClosingDate": "2025-06-11",
      "precioPromedio": 479.69,
      "rentabilidadTotalActiva": -12.23,
      "porcentajeAsignacionActiva": 100
    },
    {
      "id": 1222,
      "order": "91.00000000000000000000",
      "Symbol": "XLRE",
      "PriceEntry": "[{\"id\":1,\"price\":\"42.1\",\"date\":\"2025-06-10\"},{\"id\":2,\"price\":\"40.98\",\"type\":\"close\",\"date\":\"2025-06-26T23:59:59.999Z\"}]",
      "StopLoss": "40.980",
      "TakeProfit": "44.340",
      "TradeDirection": "Buy",
      "PositionType": "Entry",
      "TakeProfit2": "45.890",
      "ActiveAllocation": "[{\"id\":1,\"activeAllocation\":\"100\",\"date\":\"2025-06-10\"},{\"id\":2,\"activeAllocation\":\"100\",\"type\":\"close\",\"date\":\"2025-06-26T23:59:59.999Z\"}]",
      "TradeDate": "2025-06-10",
      "State": false,
      "SavedPrice": "40.98",
      "ClosingDate": "2025-06-26",
      "precioPromedio": 42.1,
      "rentabilidadTotalActiva": -1.92,
      "porcentajeAsignacionActiva": 100
    },
    {
      "id": 1255,
      "order": "92.00000000000000000000",
      "Symbol": "UNH",
      "PriceEntry": "[{\"id\":1,\"price\":\"305.9\",\"date\":\"2025-06-02\"},{\"id\":2,\"price\":\"309.45\",\"type\":\"add\",\"date\":\"2025-06-11T23:59:59.999Z\"},{\"id\":3,\"price\":\"311.91\",\"type\":\"add\",\"date\":\"2025-07-03T16:20:43.049Z\"},{\"id\":4,\"price\":\"292.95\",\"type\":\"close\",\"date\":\"2025-07-15T17:17:15.574Z\"}]",
      "StopLoss": "292.950",
      "TakeProfit": "404.870",
      "TradeDirection": "Buy",
      "PositionType": "Entry",
      "TakeProfit2": "473.280",
      "ActiveAllocation": "[{\"id\":1,\"activeAllocation\":\"100\",\"date\":\"2025-06-02\"},{\"id\":2,\"activeAllocation\":\"60\",\"type\":\"add\",\"date\":\"2025-06-11T23:59:59.999Z\"},{\"id\":3,\"activeAllocation\":\"35\",\"type\":\"add\",\"date\":\"2025-07-03T16:20:43.049Z\"},{\"id\":4,\"activeAllocation\":\"100\",\"type\":\"close\",\"date\":\"2025-07-15T17:17:15.574Z\"}]",
      "TradeDate": "2025-06-02",
      "State": false,
      "SavedPrice": "292.95",
      "ClosingDate": "2025-07-15",
      "precioPromedio": 308.44,
      "rentabilidadTotalActiva": -22.91,
      "porcentajeAsignacionActiva": 216
    },
    {
      "id": 1256,
      "order": "93.00000000000000000000",
      "Symbol": "PHM",
      "PriceEntry": "[{\"id\":1,\"price\":\"103.58\",\"date\":\"2025-06-12\"},{\"id\":2,\"price\":\"98.9\",\"type\":\"close\",\"date\":\"2025-06-17T23:59:59.999Z\"}]",
      "StopLoss": "98.930",
      "TakeProfit": "119.500",
      "TradeDirection": "Buy",
      "PositionType": "Entry",
      "TakeProfit2": "133.410",
      "ActiveAllocation": "[{\"id\":1,\"activeAllocation\":\"100\",\"date\":\"2025-06-12\"},{\"id\":2,\"activeAllocation\":\"100\",\"type\":\"close\",\"date\":\"2025-06-17T23:59:59.999Z\"}]",
      "TradeDate": "2025-06-12",
      "State": false,
      "SavedPrice": "98.90",
      "ClosingDate": "2025-06-17",
      "precioPromedio": 103.58,
      "rentabilidadTotalActiva": 12.71,
      "porcentajeAsignacionActiva": 100
    },
    {
      "id": 1321,
      "order": "95.00000000000000000000",
      "Symbol": "WIX",
      "PriceEntry": "[{\"id\":1,\"price\":\"157.6\",\"date\":\"2025-06-20\"},{\"id\":2,\"price\":\"150.32\",\"type\":\"close\",\"date\":\"2025-07-11T23:59:59.999Z\"}]",
      "StopLoss": "150.320",
      "TakeProfit": "189.130",
      "TradeDirection": "Buy",
      "PositionType": "Entry",
      "TakeProfit2": "220.040",
      "ActiveAllocation": "[{\"id\":1,\"activeAllocation\":\"100\",\"date\":\"2025-06-20\"},{\"id\":2,\"activeAllocation\":\"100\",\"type\":\"close\",\"date\":\"2025-07-11T23:59:59.999Z\"}]",
      "TradeDate": "2025-06-20",
      "State": false,
      "SavedPrice": "150.32",
      "ClosingDate": "2025-07-11",
      "precioPromedio": 157.6,
      "rentabilidadTotalActiva": -18.17,
      "porcentajeAsignacionActiva": 100
    },
    {
      "id": 1387,
      "order": "97.00000000000000000000",
      "Symbol": "LULU",
      "PriceEntry": "[{\"id\":1,\"price\":\"236\",\"date\":\"2025-06-27\"},{\"id\":2,\"price\":\"219.59\",\"type\":\"close\",\"date\":\"2025-07-24T21:27:05.683Z\"}]",
      "StopLoss": "219.560",
      "TakeProfit": "275.100",
      "TradeDirection": "Buy",
      "PositionType": "Entry",
      "TakeProfit2": "316.240",
      "ActiveAllocation": "[{\"id\":1,\"activeAllocation\":\"100\",\"date\":\"2025-06-27\"},{\"id\":2,\"activeAllocation\":\"100\",\"type\":\"close\",\"date\":\"2025-07-24T21:27:05.683Z\"}]",
      "TradeDate": "2025-06-27",
      "State": false,
      "SavedPrice": "219.59",
      "ClosingDate": "2025-07-24",
      "precioPromedio": 236,
      "rentabilidadTotalActiva": -18.08,
      "porcentajeAsignacionActiva": 100
    },
    {
      "id": 1388,
      "order": "98.00000000000000000000",
      "Symbol": "CMCSA",
      "PriceEntry": "[{\"id\":1,\"price\":\"35.36\",\"date\":\"2025-06-27\"},{\"id\":2,\"price\":\"33.99\",\"type\":\"close\",\"date\":\"2025-07-25T19:06:10.367Z\"}]",
      "StopLoss": "33.990",
      "TakeProfit": "37.660",
      "TradeDirection": "Buy",
      "PositionType": "Entry",
      "TakeProfit2": "40.060",
      "ActiveAllocation": "[{\"id\":1,\"activeAllocation\":\"100\",\"date\":\"2025-06-27\"},{\"id\":2,\"activeAllocation\":\"100\",\"type\":\"close\",\"date\":\"2025-07-25T19:06:10.367Z\"}]",
      "TradeDate": "2025-06-27",
      "State": false,
      "SavedPrice": "33.99",
      "ClosingDate": "2025-07-25",
      "precioPromedio": 35.36,
      "rentabilidadTotalActiva": -8.03,
      "porcentajeAsignacionActiva": 100
    },
    {
      "id": 1389,
      "order": "99.00000000000000000000",
      "Symbol": "RIVN",
      "PriceEntry": "[{\"id\":1,\"price\":\"14.06\",\"date\":\"2025-06-27\"},{\"id\":2,\"price\":\"13.2 \",\"type\":\"close\",\"date\":\"2025-07-01T15:21:52.955Z\"}]",
      "StopLoss": "13.200",
      "TakeProfit": "15.900",
      "TradeDirection": "Buy",
      "PositionType": "Entry",
      "TakeProfit2": "16.860",
      "ActiveAllocation": "[{\"id\":1,\"activeAllocation\":\"100\",\"date\":\"2025-06-27\"},{\"id\":2,\"activeAllocation\":\"100\",\"type\":\"close\",\"date\":\"2025-07-01T15:21:52.955Z\"}]",
      "TradeDate": "2025-06-27",
      "State": false,
      "SavedPrice": "13.20",
      "ClosingDate": "2025-07-01",
      "precioPromedio": 14.06,
      "rentabilidadTotalActiva": -11.95,
      "porcentajeAsignacionActiva": 100
    },
    {
      "id": 1453,
      "order": "100.00000000000000000000",
      "Symbol": "CRM",
      "PriceEntry": "[{\"id\":1,\"price\":\"266.8\",\"date\":\"2025-07-02\"},{\"id\":2,\"price\":\"274.5\",\"type\":\"add\",\"date\":\"2025-07-03T16:28:32.347Z\"},{\"id\":3,\"price\":\"252.89\",\"type\":\"close\",\"date\":\"2025-08-01T19:46:00.611Z\"}]",
      "StopLoss": "252.890",
      "TakeProfit": "295.370",
      "TradeDirection": "Buy",
      "PositionType": "Entry",
      "TakeProfit2": "328.420",
      "ActiveAllocation": "[{\"id\":1,\"activeAllocation\":\"100\",\"date\":\"2025-07-02\"},{\"id\":2,\"activeAllocation\":\"30\",\"type\":\"add\",\"date\":\"2025-07-03T16:28:32.347Z\"},{\"id\":3,\"activeAllocation\":\"100\",\"type\":\"close\",\"date\":\"2025-08-01T19:46:00.611Z\"}]",
      "TradeDate": "2025-07-02",
      "State": false,
      "SavedPrice": "252.89",
      "ClosingDate": "2025-08-01",
      "precioPromedio": 268.58,
      "rentabilidadTotalActiva": -6.64,
      "porcentajeAsignacionActiva": 130
    },
    {
      "id": 1454,
      "order": "101.00000000000000000000",
      "Symbol": "WEN",
      "PriceEntry": "[{\"id\":1,\"price\":\"11.64\",\"date\":\"2025-07-02\"},{\"id\":2,\"price\":\"10.83\",\"type\":\"close\",\"date\":\"2025-07-15T17:20:06.939Z\"}]",
      "StopLoss": "10.830",
      "TakeProfit": "13.550",
      "TradeDirection": "Buy",
      "PositionType": "Entry",
      "TakeProfit2": "14.810",
      "ActiveAllocation": "[{\"id\":1,\"activeAllocation\":\"100\",\"date\":\"2025-07-02\"},{\"id\":2,\"activeAllocation\":\"100\",\"type\":\"close\",\"date\":\"2025-07-15T17:20:06.939Z\"}]",
      "TradeDate": "2025-07-02",
      "State": false,
      "SavedPrice": "10.83",
      "ClosingDate": "2025-07-15",
      "precioPromedio": 11.64,
      "rentabilidadTotalActiva": -14.43,
      "porcentajeAsignacionActiva": 100
    },
    {
      "id": 1487,
      "order": "103.00000000000000000000",
      "Symbol": "NVO",
      "PriceEntry": "[{\"id\":1,\"price\":\"70.01\",\"date\":\"2025-07-08\"},{\"id\":2,\"price\":\"66.12\",\"type\":\"close\",\"date\":\"2025-07-17T23:59:59.999Z\"}]",
      "StopLoss": "66.690",
      "TakeProfit": "78.260",
      "TradeDirection": "Buy",
      "PositionType": "Entry",
      "TakeProfit2": "86.900",
      "ActiveAllocation": "[{\"id\":1,\"activeAllocation\":\"100\",\"date\":\"2025-07-08\"},{\"id\":2,\"activeAllocation\":\"100\",\"type\":\"close\",\"date\":\"2025-07-17T23:59:59.999Z\"}]",
      "TradeDate": "2025-07-08",
      "State": false,
      "SavedPrice": "66.12",
      "ClosingDate": "2025-07-17",
      "precioPromedio": 70.01,
      "rentabilidadTotalActiva": -31.17,
      "porcentajeAsignacionActiva": 100
    },
    {
      "id": 1552,
      "order": "105.00000000000000000000",
      "Symbol": "MRK",
      "PriceEntry": "[{\"id\":1,\"price\":\"83.34\",\"date\":\"2025-07-09\"},{\"id\":2,\"price\":\"77.45\",\"type\":\"close\",\"date\":\"2025-07-29T14:22:23.431Z\"}]",
      "StopLoss": "77.450",
      "TakeProfit": "96.500",
      "TradeDirection": "Buy",
      "PositionType": "Entry",
      "TakeProfit2": "111.790",
      "ActiveAllocation": "[{\"id\":1,\"activeAllocation\":\"100\",\"date\":\"2025-07-09\"},{\"id\":2,\"activeAllocation\":\"100\",\"type\":\"close\",\"date\":\"2025-07-29T14:22:23.431Z\"}]",
      "TradeDate": "2025-07-09",
      "State": false,
      "SavedPrice": "77.45",
      "ClosingDate": "2025-07-29",
      "precioPromedio": 83.34,
      "rentabilidadTotalActiva": -4.86,
      "porcentajeAsignacionActiva": 100
    },
    {
      "id": 1585,
      "order": "108.00000000000000000000",
      "Symbol": "GLD",
      "PriceEntry": "[{\"id\":1,\"price\":\"312.4\",\"date\":\"2025-07-21\"},{\"id\":2,\"price\":\"302.16\",\"type\":\"close\",\"date\":\"2025-07-30T19:32:42.590Z\"}]",
      "StopLoss": "302.160",
      "TakeProfit": "330.200",
      "TradeDirection": "Buy",
      "PositionType": "Entry",
      "TakeProfit2": "342.490",
      "ActiveAllocation": "[{\"id\":1,\"activeAllocation\":\"100\",\"date\":\"2025-07-21\"},{\"id\":2,\"activeAllocation\":\"100\",\"type\":\"close\",\"date\":\"2025-07-30T19:32:42.590Z\"}]",
      "TradeDate": "2025-07-21",
      "State": false,
      "SavedPrice": "302.16",
      "ClosingDate": "2025-07-30",
      "precioPromedio": 312.4,
      "rentabilidadTotalActiva": -1.05,
      "porcentajeAsignacionActiva": 100
    }
  ]
}
